"Replicate","Term","Deviance_Value","Eta_Sq_Value","Amplitude_Value","RMS_Value"
1,"s(V1_pre_z)",9.87316980143114,0.0899615419677742,1.97235802180647,0.612612222689222
2,"s(V1_pre_z)",10.6233304240205,0.092000121305811,2.19566816423734,0.659338032399267
3,"s(V1_pre_z)",9.79447149348327,0.0879030745018159,1.99610052356188,0.613028775266387
4,"s(V1_pre_z)",10.2497186963783,0.0908713467196554,2.08683766895179,0.635928237091215
5,"s(V1_pre_z)",9.88482847835567,0.0877108216005177,2.05204296596878,0.623471543819686
6,"s(V1_pre_z)",9.36073164285877,0.0820529110897343,2.00280435195045,0.606955081498247
7,"s(V1_pre_z)",9.8417050804362,0.0882262524378352,2.00322123238334,0.615080403177061
8,"s(V1_pre_z)",10.2747189912069,0.0872443903242244,2.166241439992,0.64744415913638
9,"s(V1_pre_z)",10.0607999295448,0.0869925990888178,2.12011134331516,0.637635009095687
10,"s(V1_pre_z)",9.76465987659211,0.0892590603320956,1.96012693367987,0.606985252749869
11,"s(V1_pre_z)",9.98042469405892,0.0885719444210823,2.04481087443825,0.622795482742458
12,"s(V1_pre_z)",10.1313729438804,0.0944264654967221,1.93500570663283,0.606102624674004
13,"s(V1_pre_z)",9.80290962293309,0.0923661235687624,1.87252513938955,0.595814717590212
14,"s(V1_pre_z)",9.68819134893323,0.0863925627230854,2.07875345710608,0.629658595598385
15,"s(V1_pre_z)",9.86859238478712,0.0834823891696783,2.11606321862134,0.631385039437083
16,"s(V1_pre_z)",10.0997355148593,0.0941612248309169,1.94476600963993,0.611494803790972
17,"s(V1_pre_z)",9.59856983936981,0.0874448680441502,1.95298927299733,0.602134417228769
18,"s(V1_pre_z)",9.84227487058572,0.0989756893972911,2.2138141834899,0.651997095657166
19,"s(V1_pre_z)",9.81075052967695,0.0936319735127052,1.88789305204549,0.598119127732249
20,"s(V1_pre_z)",10.0210814196011,0.0938449756046986,1.90396967925296,0.601372492136435
21,"s(V1_pre_z)",9.59964367754007,0.0904541331604676,1.93014395194155,0.600951549812653
22,"s(V1_pre_z)",9.90757187910496,0.0901409196199775,1.96351898174763,0.607150520177285
23,"s(V1_pre_z)",9.64676595719625,0.0841602770440913,2.06251875317092,0.621838981047349
24,"s(V1_pre_z)",9.83403774959872,0.0860813656760394,2.06540228649465,0.626036318889446
25,"s(V1_pre_z)",10.1202170579546,0.0965141457705106,1.82418962394322,0.589620032702219
26,"s(V1_pre_z)",10.1125430518466,0.0907128128053263,2.03716198389169,0.624754603341011
27,"s(V1_pre_z)",9.82603349028642,0.0903004974631368,1.96264160254566,0.609743461906609
28,"s(V1_pre_z)",9.7695163507841,0.0898918505263636,1.98686065803291,0.610661765144536
29,"s(V1_pre_z)",10.325234611603,0.0915597708866522,2.12588564319528,0.644731324332482
30,"s(V1_pre_z)",9.8529051703327,0.0905564303701285,1.91470798422203,0.597915339952266
31,"s(V1_pre_z)",10.7709818193572,0.0834404705558728,2.27847598925005,0.672501652352105
32,"s(V1_pre_z)",9.66971758765556,0.0918961426289768,1.85852289830721,0.589369612430441
33,"s(V1_pre_z)",10.0613213633803,0.0940632035899853,1.97122906456886,0.614438253901698
34,"s(V1_pre_z)",10.1613091012721,0.0923626739046969,2.01584563101252,0.623441279611113
35,"s(V1_pre_z)",9.50976379994809,0.0882497651937765,1.87875956057343,0.588056470369035
36,"s(V1_pre_z)",10.0404950282988,0.0920096422931461,2.00382654913422,0.615743702357384
37,"s(V1_pre_z)",9.89009920305621,0.0953920284982906,1.82507133575102,0.587593917331349
38,"s(V1_pre_z)",9.69605921043236,0.0889693145951549,1.9394889504298,0.601144111315645
39,"s(V1_pre_z)",9.94350749405377,0.0844938869433374,2.18460350511279,0.648798698079665
40,"s(V1_pre_z)",10.7370532428549,0.0973278337084804,2.09629397807903,0.643062242687264
41,"s(V1_pre_z)",9.75773997417925,0.0854807513750298,2.12538714577432,0.634200812469781
42,"s(V1_pre_z)",10.1201915127496,0.0914261094516213,2.08835561430101,0.634983440584485
43,"s(V1_pre_z)",10.2191393632439,0.0928194503254461,2.04521428106231,0.628252209846332
44,"s(V1_pre_z)",10.1835416687258,0.093359494525818,1.97706082626387,0.614397510776792
45,"s(V1_pre_z)",9.73228271291176,0.0839574313844571,2.0707958863905,0.624097037146987
46,"s(V1_pre_z)",9.52925261734288,0.0883555296246648,1.84807242155512,0.58221828558046
47,"s(V1_pre_z)",10.1155396857398,0.0906333331504609,2.03916742061981,0.625644583916373
48,"s(V1_pre_z)",10.0730711524409,0.0915492265401958,2.04956810650655,0.625959995827348
49,"s(V1_pre_z)",9.68772193737615,0.0912618973282772,1.86096399534623,0.591855532503642
50,"s(V1_pre_z)",10.2718183341254,0.0970006131055826,1.91172727770721,0.606453396316374
51,"s(V1_pre_z)",9.61048609988114,0.0865173968387381,1.99584942155466,0.61135187635626
52,"s(V1_pre_z)",10.3764039056538,0.0988105914629407,1.96025092821709,0.616117010098247
53,"s(V1_pre_z)",9.54486144870423,0.0929019346742762,1.80837153709991,0.577183634174858
54,"s(V1_pre_z)",10.3447731138148,0.0928102968522792,2.08465873098457,0.637068004420082
55,"s(V1_pre_z)",9.66154196981277,0.0867450858628809,1.97560924506629,0.606957843639959
56,"s(V1_pre_z)",10.1893454088615,0.0950078473198007,1.93729886882749,0.610292014728847
57,"s(V1_pre_z)",10.1307677760564,0.0922190587721545,2.08545549586349,0.634363041090423
58,"s(V1_pre_z)",10.3210553476415,0.0962043665035772,1.97006071475134,0.619415652523179
59,"s(V1_pre_z)",9.8218138032349,0.0929237316034584,1.8366348259766,0.586664441434582
60,"s(V1_pre_z)",9.92475337161842,0.0879814445592711,2.04734378404448,0.625049893893313
61,"s(V1_pre_z)",10.1565239817582,0.0914039637883922,2.06422521115175,0.63248865297625
62,"s(V1_pre_z)",9.76558102343071,0.0891536628330902,1.98674346297799,0.611306576260041
63,"s(V1_pre_z)",9.71711261306413,0.0858121179072377,2.0435465146035,0.620123660788092
64,"s(V1_pre_z)",9.91809939954447,0.0903139868633561,1.99147910500522,0.616906972810248
65,"s(V1_pre_z)",10.24949577661,0.0977178815092834,1.86377984896936,0.594649306001621
66,"s(V1_pre_z)",10.0744744054173,0.0977964270200922,1.82068303883119,0.589287781911525
67,"s(V1_pre_z)",10.0283499186818,0.0925630622237742,1.97969134544301,0.614912666722324
68,"s(V1_pre_z)",9.96167898065198,0.089474091723982,2.02947276008686,0.62220872721837
69,"s(V1_pre_z)",9.44326637982289,0.0856937253381211,1.95738882744118,0.600794056513903
70,"s(V1_pre_z)",10.0119434284294,0.0887028829599066,2.10546914542563,0.635480418059198
71,"s(V1_pre_z)",10.5174319386211,0.0926923918667193,2.12374919019696,0.64205814485267
72,"s(V1_pre_z)",10.1222063098114,0.0844224415357593,2.19844563149278,0.650170481690188
73,"s(V1_pre_z)",10.0013398714748,0.0911799913764362,1.99711440877473,0.618174180812451
74,"s(V1_pre_z)",10.5020602717648,0.105370315705165,2.28321746226884,0.672520150861288
75,"s(V1_pre_z)",9.8900669407228,0.0904298727296279,1.95482180381814,0.60740519996688
76,"s(V1_pre_z)",10.6526583941476,0.107204696156634,2.28248228932443,0.672261930368529
77,"s(V1_pre_z)",10.380134152371,0.0944300601097352,2.02176463540819,0.624862655848684
78,"s(V1_pre_z)",9.65796502314062,0.0903658157341749,1.85108925494,0.587537096394075
79,"s(V1_pre_z)",10.2056687569852,0.0964301804731305,1.89269385185013,0.603080837278775
80,"s(V1_pre_z)",10.1767625642891,0.0938971803270904,2.00935034150486,0.619118971350535
81,"s(V1_pre_z)",9.86722450876263,0.0997001638550995,2.20407601403009,0.649122047794583
82,"s(V1_pre_z)",10.0976016948669,0.096303314844491,1.81192319045367,0.586064145672974
83,"s(V1_pre_z)",9.68470431224673,0.0905825291342712,1.92289789271593,0.598604325731062
84,"s(V1_pre_z)",10.0807675013291,0.0874543376916497,2.14577644761165,0.645529001802271
85,"s(V1_pre_z)",9.75435340784098,0.0903197079187606,1.8967434412205,0.593627954738862
86,"s(V1_pre_z)",9.79153002453381,0.0875611445505493,2.02794635429004,0.621759883517652
87,"s(V1_pre_z)",10.0648648612154,0.0926987549217512,1.97834046887631,0.613321667438709
88,"s(V1_pre_z)",9.762198951989,0.0892512369720917,1.9532142157788,0.6061750053662
89,"s(V1_pre_z)",9.74744023146837,0.0902215095864098,1.93186538335295,0.60446267555494
90,"s(V1_pre_z)",10.1826024620441,0.102661456844101,2.24382324574136,0.660847917461194
91,"s(V1_pre_z)",9.35355599541222,0.0895487981492914,1.72671450859225,0.563348786669599
92,"s(V1_pre_z)",10.0275272767238,0.0878433731127501,2.08952838001896,0.633109084102506
93,"s(V1_pre_z)",9.45469150272659,0.0858554976076076,1.92983166081306,0.596263740317596
94,"s(V1_pre_z)",10.2422228385563,0.0956431151084497,1.97624914334543,0.617158506508876
95,"s(V1_pre_z)",10.2042347772678,0.0951390086684566,1.96479233224309,0.615805541325593
96,"s(V1_pre_z)",10.2029079737246,0.0953593512895027,2.0064002035026,0.61944896673488
97,"s(V1_pre_z)",9.77972534669978,0.0851705589377969,2.08335919615228,0.63027031988962
98,"s(V1_pre_z)",10.0372703800557,0.0849299609734869,2.17868794253137,0.647634950080923
99,"s(V1_pre_z)",10.1110093658466,0.0884714463777945,2.09539477082571,0.634787304187684
100,"s(V1_pre_z)",9.88375809098269,0.0856227930231841,2.09774529326032,0.63241192521275
101,"s(V1_pre_z)",9.40655207466211,0.0861297628812125,2.01443038036644,0.6078474634877
102,"s(V1_pre_z)",10.1385875876346,0.09301025965794,2.03488260806402,0.624284200430147
103,"s(V1_pre_z)",9.93807130233136,0.093610099710212,1.87035132319153,0.595276154605296
104,"s(V1_pre_z)",10.1854553808913,0.0948344782215032,1.95765811069246,0.61206273054058
105,"s(V1_pre_z)",10.1309361128483,0.0931410292622706,1.98005218247944,0.615334104471814
106,"s(V1_pre_z)",9.44623274210692,0.0866473541407786,1.904288087115,0.59339497748253
107,"s(V1_pre_z)",10.4034498064587,0.0988564542646914,1.94472971665936,0.615018416318417
108,"s(V1_pre_z)",9.53468073614904,0.0879879965286588,1.95409199508677,0.603489919698199
109,"s(V1_pre_z)",9.58830162848518,0.0871734343357766,1.94241854181493,0.59955615908978
110,"s(V1_pre_z)",10.3371601820833,0.0932444615733554,2.05766645453299,0.631568735024565
111,"s(V1_pre_z)",10.1257888228975,0.0935986141700733,1.95955275441798,0.612041178928415
112,"s(V1_pre_z)",9.70246365033537,0.0858543716282451,2.03053095830113,0.61979805509319
113,"s(V1_pre_z)",9.93154213436925,0.0941262904431799,1.90510428475755,0.600343857093425
114,"s(V1_pre_z)",9.7939375138745,0.0866293802545265,2.04281051707841,0.620537817860824
115,"s(V1_pre_z)",9.87031271117801,0.09192726400922,1.91559740578746,0.602464227559559
116,"s(V1_pre_z)",10.109332735693,0.0915320738104866,2.02950804336298,0.625781153556213
117,"s(V1_pre_z)",9.97386741113744,0.0901092639418536,2.05234540921706,0.624189566147399
118,"s(V1_pre_z)",9.92944082790964,0.088492735500341,2.01267813972243,0.616127670524512
119,"s(V1_pre_z)",9.96803808529689,0.0913492997595681,2.09261124649977,0.633707244988788
120,"s(V1_pre_z)",10.1836870094638,0.0939132298669423,1.9699407339261,0.613318881194627
121,"s(V1_pre_z)",9.63862567187094,0.0917768250729117,1.85557904492962,0.58719640420188
122,"s(V1_pre_z)",9.78035434757897,0.0833837921032097,2.10541250426331,0.630931132124259
123,"s(V1_pre_z)",9.85447590802314,0.0919933669820971,1.97595160800867,0.611598918745764
124,"s(V1_pre_z)",10.0616243379357,0.0883121969525083,2.07230288845032,0.627628398713543
125,"s(V1_pre_z)",9.32463831541706,0.0873435639536587,1.81234926671407,0.574378045118666
126,"s(V1_pre_z)",10.3158071845162,0.0937144990859275,2.03009029582246,0.62657607277148
127,"s(V1_pre_z)",10.3510968844756,0.0896549220498649,2.16997214758399,0.653085988586852
128,"s(V1_pre_z)",10.2296609341429,0.0939878963876803,1.9680473229158,0.613066144236154
129,"s(V1_pre_z)",9.80183714724292,0.0903797019680309,1.90874878307925,0.597431953516648
130,"s(V1_pre_z)",9.57233306487958,0.0829495593128249,2.06493595734665,0.620021245013601
131,"s(V1_pre_z)",9.77193262949301,0.0884145562277046,1.98499312324703,0.609302896233589
132,"s(V1_pre_z)",9.92657418462093,0.0903693077940124,2.01693659740575,0.619731738500261
133,"s(V1_pre_z)",10.3408991385973,0.104468061189182,2.25082226123673,0.662898119320868
134,"s(V1_pre_z)",10.4654633280597,0.105820294507452,2.25893518668532,0.665288386846385
135,"s(V1_pre_z)",10.0285934122068,0.0957267816165122,1.91796198005226,0.606208654713523
136,"s(V1_pre_z)",10.163453440026,0.0926195426529884,2.00324436229864,0.61978226186415
137,"s(V1_pre_z)",9.7163489853758,0.0898354479383696,1.91280003299988,0.599419803589829
138,"s(V1_pre_z)",10.0994438345298,0.088198116897777,2.10866261093621,0.636433687450882
139,"s(V1_pre_z)",9.98442633628973,0.0878442978550258,2.08347594267672,0.632300880473354
140,"s(V1_pre_z)",9.67533392761443,0.0900658136093042,1.91522661626766,0.598159969800067
141,"s(V1_pre_z)",10.1822396452773,0.0882406035700572,2.19938894358283,0.65533604604668
142,"s(V1_pre_z)",10.2993497541228,0.0929041527471282,2.05576483027237,0.631183932053465
143,"s(V1_pre_z)",9.73449594463265,0.0877370233131564,1.99150664817863,0.609825011723117
144,"s(V1_pre_z)",9.71391522795347,0.0889225627465653,1.9368807398571,0.601725034260842
145,"s(V1_pre_z)",9.882566308068,0.0926060003591561,1.87338007372534,0.594406884533191
146,"s(V1_pre_z)",9.60734215153266,0.096825946129554,2.18946449608463,0.644828474966697
147,"s(V1_pre_z)",10.0023188758581,0.0885925103446643,2.06828986699275,0.63024820411384
148,"s(V1_pre_z)",9.6762268630217,0.083152126833335,2.12989118386196,0.636309996088811
149,"s(V1_pre_z)",9.97918652870134,0.0887276217996867,2.06108546287129,0.626161963216644
150,"s(V1_pre_z)",9.49582123888055,0.0848634909730428,1.99385181556023,0.608854773692091
151,"s(V1_pre_z)",9.82020888125913,0.093503110364511,1.81346401593539,0.58203245477589
152,"s(V1_pre_z)",9.99743631227387,0.0894343271027,2.03674100735183,0.622879761671721
153,"s(V1_pre_z)",10.3317845390023,0.0917451753398275,2.09995276872737,0.638665847388669
154,"s(V1_pre_z)",10.0516145066483,0.0906262012991441,2.05609356828378,0.626744356185007
155,"s(V1_pre_z)",9.99126198719002,0.0927549015630899,2.00582973600675,0.614520919482842
156,"s(V1_pre_z)",9.92650663435278,0.0868327904291371,2.08603004406099,0.630306678446421
157,"s(V1_pre_z)",10.0030033353717,0.0896163560915041,2.02144123599613,0.620329804287493
158,"s(V1_pre_z)",10.0985670663371,0.0920733802922128,2.02342592815749,0.624609472063105
159,"s(V1_pre_z)",9.5596656276608,0.0853871381255132,2.02356157609145,0.615142694315735
160,"s(V1_pre_z)",10.405817051938,0.0991331516599085,1.94651556398608,0.61438778435509
161,"s(V1_pre_z)",9.92795909189144,0.091304700559042,1.97220110630459,0.612506513885173
162,"s(V1_pre_z)",9.78581866572659,0.0863852199229417,2.07173024744618,0.628572515983495
163,"s(V1_pre_z)",10.4719290512904,0.0966190218398877,2.0488227404849,0.635240055741018
164,"s(V1_pre_z)",10.0772946305441,0.0950967634746999,1.89104280342729,0.599630192138989
165,"s(V1_pre_z)",10.3505409067039,0.0958820624915502,2.04290419024685,0.627748624814019
166,"s(V1_pre_z)",10.0827426363686,0.0921127819289453,1.99362587335445,0.617882531174142
167,"s(V1_pre_z)",10.0936615311789,0.0926949147309415,2.00188238744335,0.617718108305159
168,"s(V1_pre_z)",10.0169481379229,0.0919965488505022,1.98356960555053,0.613905198672672
169,"s(V1_pre_z)",9.6782882037635,0.088227756212203,1.9339439045648,0.599132753262825
170,"s(V1_pre_z)",9.91960717504001,0.0869244852793467,2.09297784035101,0.631519003952933
171,"s(V1_pre_z)",9.2304172741655,0.0805614854151601,1.98201395440488,0.60172656159405
172,"s(V1_pre_z)",10.1712178879264,0.092941099075784,2.03011467808666,0.624334398868813
173,"s(V1_pre_z)",9.61114126658617,0.0892137602437701,1.89102025840972,0.592337614371732
174,"s(V1_pre_z)",9.69731040031897,0.0821813366738651,2.12961746129514,0.632760773639114
175,"s(V1_pre_z)",9.92802381417497,0.0827769683558954,2.17926848344564,0.644746014551679
176,"s(V1_pre_z)",9.76006195721807,0.0933905880706715,1.75732196577736,0.571641120688639
177,"s(V1_pre_z)",9.51449641836397,0.0843440262523279,2.01980381302935,0.615049862755654
178,"s(V1_pre_z)",10.4173332391267,0.097661547705354,1.97975290822676,0.61802385149989
179,"s(V1_pre_z)",9.97712163878778,0.091840987554101,1.94323666443918,0.60606373274063
180,"s(V1_pre_z)",10.0771614563303,0.0911606682817083,2.02226145876295,0.622499251114307
181,"s(V1_pre_z)",10.2779167145451,0.0913792209046271,2.08503770876446,0.635526486273377
182,"s(V1_pre_z)",9.47115527616941,0.0846697359588272,1.98932287211352,0.608970105904839
183,"s(V1_pre_z)",9.65455731644008,0.0918170671235175,1.78320114781979,0.574961408567529
184,"s(V1_pre_z)",9.70949675423032,0.0893601684662797,1.92182908539117,0.599345442589104
185,"s(V1_pre_z)",9.40366530499874,0.0796933625839418,2.07889535088684,0.619489852461779
186,"s(V1_pre_z)",9.904550384047,0.0861891247853111,2.12906707337226,0.634907918063564
187,"s(V1_pre_z)",9.91333437667622,0.0887109477187674,2.06444053569157,0.626850868900238
188,"s(V1_pre_z)",9.6649490221527,0.0894494168921151,1.94294834862091,0.605924660166281
189,"s(V1_pre_z)",8.96536211830352,0.0829280352528211,1.83197018483153,0.573848032204798
190,"s(V1_pre_z)",9.87734087133133,0.084922431050724,2.12131740877079,0.635617666647811
191,"s(V1_pre_z)",10.6938181958129,0.0971598386014606,2.0890587966777,0.640862941998985
192,"s(V1_pre_z)",10.3303326520008,0.0978335100392431,2.03951485704745,0.629944016808314
193,"s(V1_pre_z)",9.93145625802227,0.086140431903505,2.11704390853354,0.635474121256088
194,"s(V1_pre_z)",10.0521365415031,0.0889685511197685,2.0570572304283,0.627080975623227
195,"s(V1_pre_z)",9.49257320111034,0.0889509343723312,1.82797655483697,0.579674726592118
196,"s(V1_pre_z)",10.3714946890807,0.0929493085690733,2.07416982964343,0.632576040710949
197,"s(V1_pre_z)",9.69209467034739,0.0892020096420028,1.9443643939032,0.603653796893324
198,"s(V1_pre_z)",10.1691972012712,0.0935719375535557,2.00764538348799,0.620523066254848
199,"s(V1_pre_z)",9.26390196743422,0.085446452207057,1.86920279728265,0.585958036078048
200,"s(V1_pre_z)",9.75700759340524,0.0910786944035862,1.91167380346655,0.59933012040127
201,"s(V1_pre_z)",9.47014973458329,0.0880218048962304,1.88806142609007,0.592382921451848
202,"s(V1_pre_z)",9.80401116426781,0.0933476931860204,1.79160182478515,0.578434473839805
203,"s(V1_pre_z)",9.48395925302326,0.083373392778214,2.04283204020172,0.616273191421256
204,"s(V1_pre_z)",10.1312379720678,0.0858211049252121,2.19503747083402,0.653473243816688
205,"s(V1_pre_z)",9.57861259019762,0.0878819606173781,1.90968619806371,0.596047960374616
206,"s(V1_pre_z)",9.39330045025321,0.0803568893351997,2.03939524636528,0.613342207249651
207,"s(V1_pre_z)",9.83123018212671,0.0885130588455519,1.98272272481994,0.61079045059335
208,"s(V1_pre_z)",10.0466973285598,0.0886773615475938,2.06414186928045,0.626979057091218
209,"s(V1_pre_z)",9.48345637381512,0.0874774547090819,1.87976693365849,0.587783106690742
210,"s(V1_pre_z)",9.35269432339855,0.0848358137287784,1.96389400697042,0.600850642509728
211,"s(V1_pre_z)",9.6014751077989,0.0820287448626087,2.09380428303067,0.628979170903407
212,"s(V1_pre_z)",9.85349115135887,0.0891850476223769,1.98240986151617,0.610407129174394
213,"s(V1_pre_z)",10.0609457400201,0.0899613437035207,2.05380207004628,0.628330203032728
214,"s(V1_pre_z)",9.64433585753194,0.0852752793579791,2.02157017266971,0.612773901870951
215,"s(V1_pre_z)",10.294853782482,0.0931734823191169,2.04351445208097,0.6264355443146
216,"s(V1_pre_z)",9.66984867520251,0.0883521630077753,1.94811288350924,0.603362658581158
217,"s(V1_pre_z)",9.86562946800686,0.0885414841425816,2.01418547800063,0.616801503313878
218,"s(V1_pre_z)",10.2590811813259,0.0956269292229291,1.94678665420481,0.612592333067492
219,"s(V1_pre_z)",9.61321963995659,0.0848685259182252,2.05497580070293,0.623230631918366
220,"s(V1_pre_z)",10.2154732063917,0.0888935697261049,2.14066680847174,0.644349412930128
221,"s(V1_pre_z)",9.23277536574512,0.0930805373699764,2.14111862757787,0.630601050788333
222,"s(V1_pre_z)",10.2250631511341,0.0937048976939183,2.14265696315532,0.643734849175614
223,"s(V1_pre_z)",10.0145325454336,0.0897170574758088,2.14417200271707,0.641883136780221
224,"s(V1_pre_z)",10.2331617183228,0.0963841452355987,1.87699152560013,0.598282000792766
225,"s(V1_pre_z)",9.98876347743578,0.0882259333227825,2.05198640206776,0.623057928047487
226,"s(V1_pre_z)",10.4343535455174,0.0916742710731039,2.11126575211502,0.640665691658243
227,"s(V1_pre_z)",9.5660768423837,0.0889928588708833,1.91166723186174,0.596567820546698
228,"s(V1_pre_z)",10.1258449068293,0.0916438088582596,2.05451827306947,0.628417174643997
229,"s(V1_pre_z)",10.2637343688981,0.0909120559421981,2.0830472008591,0.635298990693524
230,"s(V1_pre_z)",10.1910782924162,0.0896754978872898,2.10046506870987,0.636850224364461
231,"s(V1_pre_z)",9.85811595132409,0.0864419108883626,2.04723820319715,0.620752834001868
232,"s(V1_pre_z)",10.3434896496376,0.0940894798772022,2.01412158296992,0.622666791674996
233,"s(V1_pre_z)",10.8849026063098,0.103407861314207,1.95024372000601,0.623724643569084
234,"s(V1_pre_z)",9.93850097121307,0.0909724429088399,1.96996730620808,0.610571737216362
235,"s(V1_pre_z)",10.2557568397993,0.0921542038835862,2.04754674547579,0.628978959573081
236,"s(V1_pre_z)",9.84137090187619,0.0917552061954063,1.92431186760118,0.603238114866257
237,"s(V1_pre_z)",9.97036155121444,0.0903515985435343,2.03602017125601,0.620756163409557
238,"s(V1_pre_z)",10.142008518125,0.0957623504265414,1.85438232081606,0.59240506426216
239,"s(V1_pre_z)",9.86018249993705,0.0994123214095137,2.19530735516543,0.646536647745813
240,"s(V1_pre_z)",9.22931395258011,0.0842134728738996,1.89580597012443,0.58958455256716
241,"s(V1_pre_z)",10.0713690647138,0.0883495236762691,2.08064140428191,0.631515975249848
242,"s(V1_pre_z)",10.3462462012699,0.0905087324684959,2.13613834550006,0.647345167343157
243,"s(V1_pre_z)",9.60328619987444,0.0859036749343531,1.98867253449181,0.610093987552932
244,"s(V1_pre_z)",10.0410823923142,0.0904458065794983,2.01895283846385,0.619287796571007
245,"s(V1_pre_z)",9.83858404860184,0.0945389429669199,1.79169199735357,0.582368793644692
246,"s(V1_pre_z)",10.0987858713168,0.0857716249172867,2.1879592409948,0.651215557589176
247,"s(V1_pre_z)",10.0730187884111,0.0836914499863039,2.20307749843476,0.65096743491254
248,"s(V1_pre_z)",10.0660966480988,0.0894033947123496,2.06541173573407,0.626972092961629
249,"s(V1_pre_z)",10.292790270782,0.0929016695166484,2.04400440626806,0.627485397188502
250,"s(V1_pre_z)",10.2985401441774,0.0912582027330747,2.11047081950286,0.641257773013801
251,"s(V1_pre_z)",10.2216212951572,0.103246087583432,2.25262005541049,0.663439984384693
252,"s(V1_pre_z)",9.79506052403059,0.0850325922988373,2.11157220720427,0.633778430022365
253,"s(V1_pre_z)",9.51532133212489,0.0885486598426121,1.88924296081717,0.590252634875684
254,"s(V1_pre_z)",9.80547260896807,0.087916006901675,2.04957031805255,0.625868357708531
255,"s(V1_pre_z)",9.59463879994373,0.0886854971577135,1.88765561747149,0.591610131630298
256,"s(V1_pre_z)",9.95759895504345,0.0920635904000408,1.92575989235695,0.603181381876322
257,"s(V1_pre_z)",10.1615361357792,0.090987361031229,2.05703294325551,0.62545451337895
258,"s(V1_pre_z)",9.13252105606557,0.0843807944622653,1.8150348579694,0.569440488786267
259,"s(V1_pre_z)",10.3901106994229,0.0939057557398537,2.06587401408613,0.634603533632373
260,"s(V1_pre_z)",9.80514509364488,0.0851218195229444,2.09623824516338,0.629743555114228
261,"s(V1_pre_z)",10.0716644082747,0.0949689508713363,1.87702150222517,0.598850241783664
262,"s(V1_pre_z)",9.88803780051106,0.0897093879385689,2.0131660444132,0.619539279182294
263,"s(V1_pre_z)",9.90051994700146,0.0900917304044698,1.97820560805786,0.611534696821562
264,"s(V1_pre_z)",9.70569183103164,0.0896679395974272,1.94887058608091,0.603238419687808
265,"s(V1_pre_z)",10.3416852743163,0.0965842443206423,2.01682726071376,0.622304684741233
266,"s(V1_pre_z)",9.53062494584535,0.0874765130145767,1.91440935232683,0.595062131245304
267,"s(V1_pre_z)",9.59521913408182,0.086526768483245,1.99694770405101,0.609752496078776
268,"s(V1_pre_z)",9.66267577379027,0.0855478826123618,2.0057434649649,0.613378016125833
269,"s(V1_pre_z)",9.68996649732231,0.0893082355136585,1.90131596525321,0.59622720034127
270,"s(V1_pre_z)",9.82906612844497,0.0846146470136651,2.10977904092385,0.63321660308539
271,"s(V1_pre_z)",10.1928411405116,0.0868610047152404,2.16244350653217,0.646010376422844
272,"s(V1_pre_z)",9.66411306186739,0.0916226679743739,1.8124141990119,0.582994519334524
273,"s(V1_pre_z)",10.0713843695192,0.0905663749871128,2.04451446351085,0.626981684115037
274,"s(V1_pre_z)",9.81936790032432,0.0904214084573198,1.92189610194492,0.599985756730252
275,"s(V1_pre_z)",10.577785679088,0.096423131049876,2.09228682579097,0.642009844489055
276,"s(V1_pre_z)",10.180642192668,0.0941073132532311,1.9516342166697,0.610404293349359
277,"s(V1_pre_z)",10.3016907564317,0.097522505928964,1.96846721394901,0.615886616369548
278,"s(V1_pre_z)",9.81839000723853,0.0899367523737135,2.00301033589679,0.616743690865035
279,"s(V1_pre_z)",10.0320297990801,0.0936778210535866,1.89694783491425,0.59912320036862
280,"s(V1_pre_z)",9.54464269258516,0.0911194976631449,1.87863834150579,0.593637905652591
281,"s(V1_pre_z)",9.96336940101654,0.0908465021871323,1.97983589176152,0.612612494799208
282,"s(V1_pre_z)",10.2967513531089,0.0937016951690446,2.02862225490688,0.626961773314083
283,"s(V1_pre_z)",8.88352191796142,0.0784655157826928,1.97043399434079,0.596946377671148
284,"s(V1_pre_z)",10.3007137758556,0.09394405705096,1.98282428088321,0.614632115510556
285,"s(V1_pre_z)",9.77301575950728,0.0901487826753565,1.91790993252638,0.599178846566826
286,"s(V1_pre_z)",9.4382425906474,0.082806467512504,2.01501776500675,0.611031908106691
287,"s(V1_pre_z)",10.6236263423804,0.090037046575129,2.22839139009585,0.664238021338805
288,"s(V1_pre_z)",10.4683416509569,0.0897136576595299,2.1792945730335,0.653731944633256
289,"s(V1_pre_z)",9.66675594807709,0.0877458970275966,1.95057527697984,0.602339876575075
290,"s(V1_pre_z)",10.19951808545,0.0915933386173251,2.0860537133308,0.63418355652783
291,"s(V1_pre_z)",9.98652636781606,0.0910692227466084,2.12513154282819,0.640913000714893
292,"s(V1_pre_z)",10.0621256905178,0.0934353461415262,1.98636650165613,0.617785350382008
293,"s(V1_pre_z)",9.19389615645568,0.0847566181955776,1.87422145388937,0.58548938355582
294,"s(V1_pre_z)",10.1917692714817,0.0897379534349959,2.1048046450499,0.636257351703649
295,"s(V1_pre_z)",9.66202226647167,0.0878273900511472,1.96412915258764,0.606519572806445
296,"s(V1_pre_z)",9.75980285132199,0.0863383385038665,2.03306020413524,0.617899205388213
297,"s(V1_pre_z)",9.49893698736843,0.0848231842906453,1.98526438860555,0.609107633114759
298,"s(V1_pre_z)",9.5662109060266,0.080337057044423,2.14037259706047,0.634646787324199
299,"s(V1_pre_z)",10.3152600866387,0.092717063872844,2.0414608673159,0.627058517960482
300,"s(V1_pre_z)",10.0353563543503,0.0949744592848361,1.84556219374857,0.589839067656223
301,"s(V1_pre_z)",9.96765659467746,0.0903520150749206,1.99826373607126,0.616891359826172
302,"s(V1_pre_z)",9.89357341063418,0.0931062633291971,1.92884044197238,0.606831572414485
303,"s(V1_pre_z)",10.254400777749,0.0986389815512165,1.84334718505339,0.595479939415546
304,"s(V1_pre_z)",9.53862838510566,0.0869318683102136,1.92505432784064,0.597961225795108
305,"s(V1_pre_z)",9.44807547664296,0.0863838103524607,1.90705463733654,0.594521685589068
306,"s(V1_pre_z)",10.4279267276116,0.0894540949240066,2.17338740606478,0.651765774699876
307,"s(V1_pre_z)",9.78855054530349,0.0858426420426432,2.05847689120662,0.622997823776094
308,"s(V1_pre_z)",10.1932447034829,0.0927118695367986,2.01730768355634,0.621577868936587
309,"s(V1_pre_z)",9.94156252461914,0.0931080617528253,1.91387299749401,0.603342791763022
310,"s(V1_pre_z)",10.0279119203962,0.0855854583974487,2.13955329937536,0.641324715862475
311,"s(V1_pre_z)",9.4930571765069,0.087305770000837,1.9158452744627,0.597730248481685
312,"s(V1_pre_z)",10.2412817698493,0.0951878443337896,1.97646764796978,0.613390743330248
313,"s(V1_pre_z)",9.42461052617476,0.0851210300812815,1.99600386546527,0.610576010666233
314,"s(V1_pre_z)",10.5117322586332,0.0960363336730723,2.07731012582313,0.639259582769012
315,"s(V1_pre_z)",10.0342875697221,0.101253803272598,2.21947285634544,0.653805722805164
316,"s(V1_pre_z)",10.1446691605948,0.0901921430039102,2.11625511265559,0.637891338072724
317,"s(V1_pre_z)",10.4041059153584,0.0896379600622969,2.24050375029459,0.663803891690751
318,"s(V1_pre_z)",9.89527767548486,0.089767884769612,2.02289004264307,0.623310799350645
319,"s(V1_pre_z)",10.1438862182302,0.0939151185702321,1.93808784009309,0.607954153651528
320,"s(V1_pre_z)",10.2287506465852,0.103196524357083,2.24641670787215,0.661611642271364
321,"s(V1_pre_z)",10.1258016789549,0.0949850861188264,1.90348389144167,0.602472731686304
322,"s(V1_pre_z)",10.438897742644,0.0923900790957619,2.14219528923412,0.648230786425364
323,"s(V1_pre_z)",9.46380925789155,0.089079969808438,1.80157948176715,0.577024002658062
324,"s(V1_pre_z)",10.1653278942311,0.0972808877060604,1.86170397782231,0.598042023750577
325,"s(V1_pre_z)",9.33525385542131,0.0821388918402718,1.97785891449612,0.600983788566986
326,"s(V1_pre_z)",10.4663114895719,0.0952509823466823,2.03564017470986,0.627835813711921
327,"s(V1_pre_z)",10.0008584388635,0.0896348914068556,2.05494884196522,0.627842862229505
328,"s(V1_pre_z)",9.84645305991751,0.0879021261425941,2.02504692660689,0.618453235564908
329,"s(V1_pre_z)",9.7659517950628,0.0850786088156577,2.08350564546789,0.627734441363382
330,"s(V1_pre_z)",9.65573266051177,0.0893274564554329,1.90588243622694,0.595373744705851
331,"s(V1_pre_z)",10.5383567645933,0.091234904339846,2.16405432657525,0.652159932292732
332,"s(V1_pre_z)",10.2486835220111,0.086829818334889,2.1791594027156,0.647900208423498
333,"s(V1_pre_z)",10.3636143811926,0.096518771901494,1.97351457267174,0.619069449357409
334,"s(V1_pre_z)",10.1660272180154,0.0866387301639027,2.13749549658494,0.640289445157799
335,"s(V1_pre_z)",10.1489380379579,0.0947399007686317,1.99895899657499,0.621532713211884
336,"s(V1_pre_z)",9.17487866251095,0.0816175616089654,1.96665037446114,0.597883845418713
337,"s(V1_pre_z)",9.06794432741941,0.0817435802755166,1.91944158145466,0.587409660221976
338,"s(V1_pre_z)",9.51203561040929,0.085329943226837,2.01971974827591,0.615668484803793
339,"s(V1_pre_z)",9.81416383865121,0.0821575948244071,2.1717050123668,0.642130378917795
340,"s(V1_pre_z)",10.0264243273936,0.0892667752361968,2.07956012291492,0.629628794641276
341,"s(V1_pre_z)",10.0677273403079,0.0896869601213568,2.05027972067463,0.626857631343883
342,"s(V1_pre_z)",9.78653082570248,0.0892571504187879,1.96147652928292,0.607862321244097
343,"s(V1_pre_z)",10.496638840335,0.0968604669448424,2.02489229231578,0.629117922550819
344,"s(V1_pre_z)",9.98984097634022,0.0843651045627774,2.18124944680213,0.648706714275081
345,"s(V1_pre_z)",9.85343196993075,0.0893802348608112,2.01162916104817,0.616741393555379
346,"s(V1_pre_z)",10.0706097861485,0.0752208843331883,2.20523118687603,0.650562514093988
347,"s(V1_pre_z)",10.2885072420003,0.0932139649186832,2.00934730340364,0.618730532688946
348,"s(V1_pre_z)",10.2604152647934,0.0895297344387811,2.11851968427128,0.638319239756739
349,"s(V1_pre_z)",9.7253583422027,0.0861522468143366,2.02980895630604,0.61769415043526
350,"s(V1_pre_z)",9.92492698231514,0.088589562217001,2.04391177179986,0.620032538171114
351,"s(V1_pre_z)",9.95702668610625,0.0910162423611574,1.9557322452458,0.606067721926559
352,"s(V1_pre_z)",9.51870019499712,0.0867234855641514,1.92910594906114,0.597136423000637
353,"s(V1_pre_z)",10.0033350560659,0.0898331568732807,2.03777887931007,0.62230365490049
354,"s(V1_pre_z)",9.62126296616146,0.0936452038002672,1.72476105680275,0.56858434573884
355,"s(V1_pre_z)",10.0343150272365,0.085114814334001,2.15569303085023,0.643741119405583
356,"s(V1_pre_z)",9.95126733608198,0.0866232083237415,2.12485488456774,0.637740924433436
357,"s(V1_pre_z)",9.94876802137284,0.0924540734046854,1.9887419006354,0.615581066739263
358,"s(V1_pre_z)",9.75311838490325,0.0871798836545019,1.99800040193936,0.612239291246634
359,"s(V1_pre_z)",10.1532955080809,0.0949631660202506,2.05708059760141,0.631662090594493
360,"s(V1_pre_z)",10.3176637825478,0.0970301612199121,1.94001118226482,0.610372158514537
361,"s(V1_pre_z)",10.199665082117,0.0957272304412026,1.97299985125145,0.615223287565882
362,"s(V1_pre_z)",10.1827478583106,0.0955691288946377,1.98980925539027,0.616404653185328
363,"s(V1_pre_z)",10.6839226235684,0.0959120517449091,2.1066392554142,0.644513491410357
364,"s(V1_pre_z)",10.0186583318523,0.0899880879220285,2.01752367214483,0.618555001890763
365,"s(V1_pre_z)",10.051154478264,0.0933424585182696,1.96442403092183,0.608414770038751
366,"s(V1_pre_z)",9.09787062197958,0.0861271605376906,1.77145344817475,0.567223744680568
367,"s(V1_pre_z)",9.996097107516,0.0924912698745218,1.97745531903234,0.614508991225069
368,"s(V1_pre_z)",9.51100686978505,0.0869884475962489,1.91921290489744,0.595838056829779
369,"s(V1_pre_z)",9.84926328729335,0.0869897603737777,2.0476543727951,0.620810524815636
370,"s(V1_pre_z)",9.43716523919771,0.0879776138795898,1.91546227764564,0.59322807990775
371,"s(V1_pre_z)",9.87615122150166,0.0898956306541617,1.96933256116266,0.610058557427505
372,"s(V1_pre_z)",9.25486970936956,0.0895281884861989,1.66978753404263,0.55047981966268
373,"s(V1_pre_z)",10.2586712071233,0.0887659954368435,2.13429383816487,0.63941400565166
374,"s(V1_pre_z)",10.2614288757834,0.0942476676793712,2.01120110553823,0.622680085093918
375,"s(V1_pre_z)",9.90825133894595,0.0918536607063939,1.95377812437203,0.609480633199522
376,"s(V1_pre_z)",10.0483958244789,0.0921574371486954,2.00783885265127,0.619637604078254
377,"s(V1_pre_z)",9.68706432316815,0.0869063610813586,2.00765224043875,0.612002054012574
378,"s(V1_pre_z)",9.78003588511553,0.0862555527907715,2.03655450656711,0.618216532045981
379,"s(V1_pre_z)",8.76291967113235,0.0764968831758342,1.94754452564058,0.590512610637539
380,"s(V1_pre_z)",10.35907968834,0.0924314088039306,2.08452010976365,0.636109717216222
381,"s(V1_pre_z)",10.1004011744457,0.0949435345158329,1.89796962684562,0.602306546381873
382,"s(V1_pre_z)",9.97415132050125,0.0914614104077038,1.95816846233876,0.607196072593888
383,"s(V1_pre_z)",9.84639428399192,0.0903148418029449,1.95153832572575,0.607062780322021
384,"s(V1_pre_z)",9.91155802517774,0.0886110214278502,2.01661949894233,0.617230955996393
385,"s(V1_pre_z)",9.23453513130065,0.0848750952702268,1.90910348806882,0.590134168951025
386,"s(V1_pre_z)",9.89340009178189,0.089044483947082,1.99450540501298,0.613090393003179
387,"s(V1_pre_z)",9.79240913037367,0.0888896800414277,2.03158436401075,0.619467252598016
388,"s(V1_pre_z)",9.61380055276789,0.0841156480448656,2.08275241321612,0.626912359159229
389,"s(V1_pre_z)",9.30038229671538,0.0843880265250455,1.96820507059316,0.604417781930368
390,"s(V1_pre_z)",9.89386653567134,0.0785716613466291,2.1782700901155,0.643289608674705
391,"s(V1_pre_z)",9.91465188556124,0.0950521534901671,2.22366714689393,0.655147082517684
392,"s(V1_pre_z)",9.9173475413821,0.0860974352987606,2.10192142380621,0.633460881762161
393,"s(V1_pre_z)",10.0151501704599,0.0947779449514934,1.88016138257485,0.599794460308664
394,"s(V1_pre_z)",10.4094580902191,0.095886276242288,2.00587826496666,0.622504812454502
395,"s(V1_pre_z)",9.92776654538822,0.0904307491791527,2.01582657413908,0.619517729061018
396,"s(V1_pre_z)",9.98992173331196,0.0949769613030734,2.00138555980924,0.617464345969424
397,"s(V1_pre_z)",10.3961014370373,0.0893449426926883,2.19204911362721,0.654541677904711
398,"s(V1_pre_z)",9.78846410112375,0.0889193519047698,2.05475765605896,0.623797885063421
399,"s(V1_pre_z)",10.2323031372313,0.0945457581027592,1.96664029348006,0.615238077456829
400,"s(V1_pre_z)",9.97390724614269,0.0908450857765,2.0319379957616,0.625327523029708
401,"s(V1_pre_z)",9.88645371560379,0.0932378820770388,1.89734625036158,0.595205148075461
402,"s(V1_pre_z)",10.1572851615016,0.0960966784788334,1.85471972039299,0.592535815581992
403,"s(V1_pre_z)",9.9971544704386,0.0896192147428657,2.03633164279908,0.624986094316545
404,"s(V1_pre_z)",9.8933537416831,0.0902784823476805,1.96989122437727,0.610042063705106
405,"s(V1_pre_z)",9.56912869874373,0.0877009590070619,2.03331920659528,0.61882172490938
406,"s(V1_pre_z)",9.99612779409462,0.100504985951377,2.20698315795568,0.649985010080208
407,"s(V1_pre_z)",9.85225465550191,0.0870182174284307,2.06689488511176,0.628189673531226
408,"s(V1_pre_z)",10.1288027513186,0.093444124022366,2.03299949488193,0.625502705523065
409,"s(V1_pre_z)",9.82063382495003,0.0912306261796123,1.89766469381791,0.597688576329969
410,"s(V1_pre_z)",9.86926098553894,0.0906336483877858,1.9421009664864,0.603581066750663
411,"s(V1_pre_z)",10.4280512827503,0.0928410320525723,2.08001122129406,0.635366483882643
412,"s(V1_pre_z)",9.86458884196139,0.0605552061034888,2.21038088109408,0.651663927354431
413,"s(V1_pre_z)",10.2538493314795,0.090533994930958,2.07678176173552,0.632784710608199
414,"s(V1_pre_z)",9.56117866154138,0.0885187686618713,1.86991625913631,0.588744771255458
415,"s(V1_pre_z)",9.95521684047853,0.0896351790463146,2.01116372252374,0.618231130677858
416,"s(V1_pre_z)",9.09724569372665,0.0792172993287273,1.97226719027538,0.597970147821879
417,"s(V1_pre_z)",10.2350034831001,0.0948653633134395,1.94555139935207,0.607226166079541
418,"s(V1_pre_z)",10.2196608026161,0.0970473352367819,1.8993278583356,0.602519457707672
419,"s(V1_pre_z)",9.88985982281708,0.0841816039048104,2.14583025969595,0.639360166278761
420,"s(V1_pre_z)",9.80099324481863,0.0907103534960867,1.92598988054352,0.603463740165343
421,"s(V1_pre_z)",10.2720721603532,0.0964604445316026,1.98132639320838,0.620060458213855
422,"s(V1_pre_z)",9.93346801181195,0.0880479573289484,2.07429626624797,0.629703980442676
423,"s(V1_pre_z)",9.61067709848933,0.088099013852066,1.91047964380619,0.594968538185662
424,"s(V1_pre_z)",10.2653855684582,0.0936933773993439,2.02583248919547,0.625938567531462
425,"s(V1_pre_z)",9.47538626149193,0.0874881446246645,1.99363092918968,0.607388846156695
426,"s(V1_pre_z)",9.31894990246535,0.0830418146673442,1.99135831757036,0.605054667658152
427,"s(V1_pre_z)",9.89686371325901,0.0857073825587517,2.11996734153368,0.635573042535333
428,"s(V1_pre_z)",9.43265277166521,0.0856448759800922,1.92422552232824,0.595500987777896
429,"s(V1_pre_z)",9.51782068619933,0.0874839425194482,1.95791858374535,0.606215763540569
430,"s(V1_pre_z)",9.95553747487173,0.0942272848846599,1.85246716710107,0.590900079696906
431,"s(V1_pre_z)",10.1252850196794,0.0903609370577157,2.07122751777708,0.630596918482206
432,"s(V1_pre_z)",9.47759827686131,0.0851158495125778,1.94147221579475,0.597287239061472
433,"s(V1_pre_z)",9.37297799659756,0.0838927827895109,1.98150349149459,0.60556380342895
434,"s(V1_pre_z)",10.0530593871016,0.0934733409420791,1.9444640221479,0.609460330946602
435,"s(V1_pre_z)",9.72322794571514,0.0916186830150127,1.8521603159188,0.5888438077634
436,"s(V1_pre_z)",10.2178266464384,0.091648612291066,2.08314679548117,0.629981594693649
437,"s(V1_pre_z)",9.76937405384639,0.0881723254334467,1.98923871054819,0.61182517420569
438,"s(V1_pre_z)",9.74157099090708,0.0867588104536387,2.0171196624752,0.617338636176648
439,"s(V1_pre_z)",10.2602844436248,0.0882744890973572,2.19976160907874,0.656841886328312
440,"s(V1_pre_z)",10.3276617396089,0.0931826564106362,2.06592340362554,0.631161414275399
441,"s(V1_pre_z)",9.87139831067132,0.0912049023215491,1.92743872690289,0.601385922929086
442,"s(V1_pre_z)",9.55520257118615,0.0869212519608353,1.97617584405398,0.60595541412363
443,"s(V1_pre_z)",9.64479539412132,0.0841431223266431,2.06544567120658,0.62475327731327
444,"s(V1_pre_z)",10.2165404560711,0.0926309241576938,2.02582628713902,0.622422901842352
445,"s(V1_pre_z)",9.97415750291239,0.0899604802519063,2.04728455959445,0.625601001401924
446,"s(V1_pre_z)",10.1024077938174,0.0932101313576162,1.98625155446036,0.616489697206027
447,"s(V1_pre_z)",10.5857106610278,0.0931914854412317,2.1454994528641,0.64955901602224
448,"s(V1_pre_z)",10.3519915489582,0.0926574037175125,2.06580814323164,0.629684788582448
449,"s(V1_pre_z)",10.0487675386503,0.0893344478881559,2.07552520268231,0.629093851375256
450,"s(V1_pre_z)",10.1136713380133,0.089915763722573,2.05254478336911,0.626443553953206
451,"s(V1_pre_z)",9.67469960768728,0.088438461610141,1.96472428336399,0.604935753609522
452,"s(V1_pre_z)",9.71185368696236,0.089623453340675,1.9187371376963,0.600105986715976
453,"s(V1_pre_z)",9.91002293478249,0.0864544771016399,2.09206674250963,0.630534336232334
454,"s(V1_pre_z)",9.74272167383734,0.0906877599379316,1.91618718668701,0.598896304231596
455,"s(V1_pre_z)",9.85664521612378,0.0904194195419778,1.92465386169798,0.599231667642279
456,"s(V1_pre_z)",9.45418303825403,0.0880439836925852,1.84879937661688,0.583788327781551
457,"s(V1_pre_z)",10.73507217166,0.0995729379581189,1.9913285706031,0.624032625163783
458,"s(V1_pre_z)",9.95611382764555,0.0853917433188099,2.1151529436851,0.634816502163395
459,"s(V1_pre_z)",10.3071079357587,0.0874166506414597,2.1965690390916,0.654573697695875
460,"s(V1_pre_z)",9.93579403525172,0.0904114844304191,2.0305555408832,0.620088881391787
461,"s(V1_pre_z)",9.84219640869032,0.0895984987202396,1.97502263706297,0.608664150585942
462,"s(V1_pre_z)",9.85403742623693,0.0878891647696138,2.03995471223569,0.622733087776598
463,"s(V1_pre_z)",10.5566027810046,0.0934929772641094,2.17292017285612,0.655043542791083
464,"s(V1_pre_z)",10.1028240947482,0.0902455143767845,2.03321528616757,0.622443822452983
465,"s(V1_pre_z)",9.71699899549695,0.0863267904513923,2.0169590726929,0.615126129364482
466,"s(V1_pre_z)",10.6806077201051,0.0959895855469568,2.12582491264434,0.649771769358224
467,"s(V1_pre_z)",9.83186410200387,0.0927062330603184,1.87204275350876,0.593402052265015
468,"s(V1_pre_z)",9.95949825606734,0.0872860510432669,2.05671979924326,0.623933445110127
469,"s(V1_pre_z)",10.2515472347792,0.0967772893834584,1.90854877322764,0.605761945827314
470,"s(V1_pre_z)",9.80991767122507,0.0849464206576848,2.10499679485831,0.632564587947161
471,"s(V1_pre_z)",9.43000367530015,0.0844908030270576,1.96635814979,0.601261984474029
472,"s(V1_pre_z)",9.96028479922174,0.0875365646711817,2.0518736427209,0.623192067746344
473,"s(V1_pre_z)",10.5642918184371,0.0923540936595859,2.16329836995443,0.651615753958066
474,"s(V1_pre_z)",10.5087051876294,0.0887558791198852,2.23754864656357,0.663925178627723
475,"s(V1_pre_z)",9.73054708497855,0.0904711470097307,1.87013880066005,0.591007525503178
476,"s(V1_pre_z)",9.85874370912121,0.0840037070257797,2.1086683164711,0.632634228638551
477,"s(V1_pre_z)",10.0798616774636,0.0914529213384877,2.03988677438346,0.625317491088032
478,"s(V1_pre_z)",9.84779005687049,0.0820391550488326,2.16176134136891,0.639805741894333
479,"s(V1_pre_z)",10.1788731599597,0.0926686088415792,1.99839993650654,0.617723840320613
480,"s(V1_pre_z)",9.00899809800562,0.0763689578237593,2.04495368301255,0.610310337997871
481,"s(V1_pre_z)",10.1337043005309,0.0856491329905457,2.21082766474903,0.655080148825793
482,"s(V1_pre_z)",10.0547724255315,0.0878987173040512,2.07570904287333,0.628823551615529
483,"s(V1_pre_z)",9.65756823196553,0.0830573797033035,2.10045529642376,0.627902203506242
484,"s(V1_pre_z)",10.9543464264931,0.0993614941239956,2.16121029679644,0.657227107025897
485,"s(V1_pre_z)",9.69568794228839,0.088473745123873,1.96802656805368,0.607699177042302
486,"s(V1_pre_z)",9.5865774674309,0.0919477330267034,1.83465090767277,0.587157145164931
487,"s(V1_pre_z)",10.1202389134724,0.0876910458340137,2.10830076954958,0.635971374336504
488,"s(V1_pre_z)",9.76760564938262,0.0885739427325389,2.01008826913471,0.61280599118693
489,"s(V1_pre_z)",10.0584819026108,0.0855393848335344,2.12937931276788,0.63755713773368
490,"s(V1_pre_z)",10.0760005837675,0.0907231504906736,2.03213422756792,0.623893676627981
491,"s(V1_pre_z)",9.96298245245323,0.0862459142377139,2.08150234884631,0.626495426280362
492,"s(V1_pre_z)",10.0658106865086,0.0960171555624307,1.84534882069033,0.594013340343054
493,"s(V1_pre_z)",9.84320116274982,0.0907548798603845,1.94942134948135,0.607712044353301
494,"s(V1_pre_z)",10.0938105017331,0.0900195913375914,2.05304486056305,0.626573346108183
495,"s(V1_pre_z)",9.49782359893448,0.0868435603968704,1.97721800660711,0.605295707865766
496,"s(V1_pre_z)",10.2732624197762,0.0919552902063708,2.06028282005049,0.629968523753967
497,"s(V1_pre_z)",9.99908567875738,0.0862071002882237,2.15214841129444,0.64515743227768
498,"s(V1_pre_z)",9.05600222270688,0.0852396354611085,1.77397966886,0.565928004236106
499,"s(V1_pre_z)",10.189581951743,0.0910256041417724,2.05608386484041,0.628743675352687
500,"s(V1_pre_z)",9.51388498205593,0.0961404960740822,2.16578559041183,0.637859938615636
501,"s(V1_pre_z)",9.31840767367441,0.0842997181287847,1.92669123864953,0.594891113793833
502,"s(V1_pre_z)",9.7996207323777,0.0897327064526835,1.93782787487369,0.602013466822752
503,"s(V1_pre_z)",10.3602340791869,0.0871696289705386,2.2636609719592,0.664478370219889
504,"s(V1_pre_z)",9.67633400889276,0.0868760087467779,1.98415604612466,0.608582251345745
505,"s(V1_pre_z)",10.1970068544116,0.0938510041893573,1.99898127786609,0.620347265443496
506,"s(V1_pre_z)",10.0510664410308,0.101264145492082,2.22126223574439,0.654182813121667
507,"s(V1_pre_z)",10.0464394233784,0.0919131937892192,1.99958415506008,0.617867375355178
508,"s(V1_pre_z)",10.2750353383297,0.0958526032390314,1.98951322853925,0.617756434584051
509,"s(V1_pre_z)",10.1475482133483,0.0945074213526064,1.90622521691668,0.600868446699754
510,"s(V1_pre_z)",9.9765300007728,0.0836023264897697,2.1976854327801,0.648717330728261
511,"s(V1_pre_z)",9.76261511104793,0.0823253421334854,2.13154505139463,0.633399708979229
512,"s(V1_pre_z)",9.91341312429847,0.0928781166516642,2.00072118712139,0.619406161538368
513,"s(V1_pre_z)",9.83526612848645,0.0993777104168427,2.21087545814309,0.651195858964909
514,"s(V1_pre_z)",10.0156720936894,0.0957355291633869,1.87579069636026,0.596328331981344
515,"s(V1_pre_z)",10.0848734273673,0.0911401969691909,2.0098314930334,0.619193196908475
516,"s(V1_pre_z)",9.68997749066526,0.0914023932462397,1.86485871135398,0.590270303592483
517,"s(V1_pre_z)",9.96167527849881,0.0842904174307402,2.14557948580576,0.639905922576138
518,"s(V1_pre_z)",9.75716785194166,0.082628773830132,2.11755959217489,0.630106708802351
519,"s(V1_pre_z)",10.3015300176074,0.08934202660053,2.16392110446036,0.649775999664386
520,"s(V1_pre_z)",9.63636522753718,0.0917111426514811,1.88069543590981,0.592537278493381
521,"s(V1_pre_z)",9.92268936300763,0.0853618938202219,2.09126340448937,0.629504424160544
522,"s(V1_pre_z)",9.48855086099618,0.0821957640110476,2.05491503100351,0.620936524286663
523,"s(V1_pre_z)",10.4193525331612,0.0939005987051004,2.06832634450853,0.635650431480916
524,"s(V1_pre_z)",9.60315852214221,0.0904480477087501,1.85728355814509,0.589350990262974
525,"s(V1_pre_z)",9.74192306551853,0.0900172155076374,1.96467044128847,0.605985882617981
526,"s(V1_pre_z)",9.85336745959871,0.0993925513879681,2.19658560158878,0.646936969405246
527,"s(V1_pre_z)",10.2919825151516,0.0933044497929112,2.01580573603009,0.620915624127118
528,"s(V1_pre_z)",9.9476584391691,0.0923308428804845,1.91748164413805,0.601763835027389
529,"s(V1_pre_z)",9.66949089317748,0.089073334806667,1.92474954828986,0.600751052344416
530,"s(V1_pre_z)",10.0095652411712,0.0888724918784768,2.04293729156724,0.622380033765649
531,"s(V1_pre_z)",9.80333904892125,0.0840702828492353,2.08835093257463,0.626767307382919
532,"s(V1_pre_z)",9.89077978850578,0.0915848227881976,1.93816342374524,0.607101697087868
533,"s(V1_pre_z)",10.39645906651,0.0981474853674668,2.09305164893697,0.63660681343215
534,"s(V1_pre_z)",10.2210559989473,0.0887158244572619,2.14571428772335,0.643237121259571
535,"s(V1_pre_z)",10.0112100451531,0.0897204217815219,2.04024592901231,0.625397670927668
536,"s(V1_pre_z)",10.3267953933077,0.094493471937107,1.98817902411616,0.616946516232612
537,"s(V1_pre_z)",9.7774228664101,0.0881267204809707,1.98278907371776,0.609653562141258
538,"s(V1_pre_z)",10.3508068409839,0.0907128166707533,2.12997939196033,0.644323769789954
539,"s(V1_pre_z)",9.92206428283243,0.0880552928912633,2.0263753720917,0.617647045693244
540,"s(V1_pre_z)",9.77774181960743,0.091664342998284,1.90418992263248,0.600572974129543
541,"s(V1_pre_z)",9.78889335245286,0.0902559722656201,1.93431069890203,0.604413875841763
542,"s(V1_pre_z)",9.80988388335309,0.0910983289780249,1.90722898824148,0.600287252557873
543,"s(V1_pre_z)",9.27615285652216,0.0869951551550638,1.81491787776607,0.571546139353375
544,"s(V1_pre_z)",9.97862360320667,0.0929316145009197,1.92103871071314,0.604047516076678
545,"s(V1_pre_z)",9.90491372712271,0.0869807361193503,2.09704171925025,0.632925384840195
546,"s(V1_pre_z)",9.29561213169557,0.0873780704420916,1.78146278081476,0.569866867958842
547,"s(V1_pre_z)",9.85032779320336,0.0882838548459339,1.99533036223713,0.611994312939565
548,"s(V1_pre_z)",9.88092890814302,0.0819460677274049,2.18139081259657,0.644312435145119
549,"s(V1_pre_z)",9.29381355451708,0.0871097903720561,1.81180909015909,0.575994809727421
550,"s(V1_pre_z)",10.0745417502275,0.0903490646912032,2.03653477870937,0.623812445080609
551,"s(V1_pre_z)",9.8237682863341,0.0902103583693731,1.94053750736339,0.604598825406792
552,"s(V1_pre_z)",10.2405231942508,0.0884341514619942,2.14534341342376,0.644854362981597
553,"s(V1_pre_z)",10.5188554122958,0.0912198522421139,2.16553191059128,0.650387971529838
554,"s(V1_pre_z)",10.2832130948319,0.0911160072293183,2.10305761701361,0.639082983801374
555,"s(V1_pre_z)",10.7277366682588,0.0890254113661457,2.28966980292215,0.675130349600493
556,"s(V1_pre_z)",9.80817924703269,0.0847180316340046,2.09839724484518,0.632486234446006
557,"s(V1_pre_z)",10.7039497295145,0.0955613857739021,2.0816078004368,0.636177362691395
558,"s(V1_pre_z)",10.338672096841,0.0933458227796262,2.09361769442234,0.637373099955254
559,"s(V1_pre_z)",10.1211887861222,0.0904509586049886,2.05017584915113,0.627140144945872
560,"s(V1_pre_z)",9.5175736102351,0.0835560581855897,1.99969437301001,0.608223033579324
561,"s(V1_pre_z)",10.2112216342236,0.0952533719416272,1.93014418607208,0.608284267350472
562,"s(V1_pre_z)",10.0340224481525,0.0852460897457376,2.14877462367643,0.640722096324447
563,"s(V1_pre_z)",9.57116616347118,0.0902201900040094,1.89198223660397,0.593020857458059
564,"s(V1_pre_z)",9.70671243368376,0.0916523164621853,1.82067360592434,0.582028426790573
565,"s(V1_pre_z)",9.9565497035264,0.0880310237397585,2.09109715566276,0.631855649862248
566,"s(V1_pre_z)",10.2366736576155,0.0948276188751129,1.98126824660719,0.616041683140777
567,"s(V1_pre_z)",10.1151108494301,0.0889757014624556,2.08479492581484,0.63176291932433
568,"s(V1_pre_z)",9.63608953027389,0.0973432806673306,2.15260383041832,0.634028485800144
569,"s(V1_pre_z)",10.0579596662546,0.0937557135626667,1.92228960256484,0.604653955769314
570,"s(V1_pre_z)",9.89245565339843,0.0879668703199742,2.0291222795534,0.619496738439907
571,"s(V1_pre_z)",9.56888509117501,0.0913367829057104,1.75941225888174,0.572744061910916
572,"s(V1_pre_z)",9.66933616622674,0.0878904748660767,1.97048338454876,0.609433937872409
573,"s(V1_pre_z)",9.87699952083366,0.0883578525892766,2.03858100688547,0.621421428479705
574,"s(V1_pre_z)",10.0212397507558,0.0910386485656771,2.01740487011065,0.621413617732599
575,"s(V1_pre_z)",9.98184721665775,0.100799114473369,2.19592055657407,0.646721151699629
576,"s(V1_pre_z)",9.67121197847041,0.0974694283847173,2.18648277488771,0.643980278188325
577,"s(V1_pre_z)",9.73662572457348,0.0887288280506701,1.94401667734206,0.60225597905613
578,"s(V1_pre_z)",9.72379041655659,0.0881327180845352,1.96772550518913,0.60672589723577
579,"s(V1_pre_z)",9.81379929451249,0.0902576675986712,1.96517578703665,0.608708770221554
580,"s(V1_pre_z)",9.98375571890199,0.0891079717302556,2.11429940844283,0.634971439970308
581,"s(V1_pre_z)",9.50556577028203,0.0892896753153417,1.81765801536329,0.578707317237745
582,"s(V1_pre_z)",10.0056047900925,0.0950633647873959,1.85417167082979,0.591795620947201
583,"s(V1_pre_z)",9.75800105274072,0.0883914767733168,1.98316780205813,0.610654864649641
584,"s(V1_pre_z)",10.7468727289404,0.101728695710529,2.07887263816249,0.646229615872026
585,"s(V1_pre_z)",10.0369020128822,0.0910417237147886,2.00192030210751,0.618128897272215
586,"s(V1_pre_z)",10.1337135396406,0.0923342302870548,2.07191027671151,0.630925369468162
587,"s(V1_pre_z)",10.2141044397658,0.0968607310614895,1.9141787145685,0.605588767128262
588,"s(V1_pre_z)",9.66518363220826,0.0927697560590412,2.03507338006955,0.618926151007947
589,"s(V1_pre_z)",9.68910890149919,0.0907220427496851,1.88159908848586,0.592573290687809
590,"s(V1_pre_z)",9.25259619684587,0.0892981569765507,1.7251927599335,0.561344259151513
591,"s(V1_pre_z)",9.305866677648,0.0873844168472452,1.77864129124957,0.567062421114945
592,"s(V1_pre_z)",9.63741236655305,0.0852885154731921,2.14333910377797,0.637161998291982
593,"s(V1_pre_z)",10.0728833327011,0.0922227040832767,1.99036587150949,0.614323264853943
594,"s(V1_pre_z)",9.4214565015696,0.0852182735298641,1.94508397824344,0.599650709326003
595,"s(V1_pre_z)",10.0241451697341,0.0895369376795855,2.06037855324749,0.630960194081436
596,"s(V1_pre_z)",10.2596711989141,0.094613397356544,1.97107355617161,0.614365609854069
597,"s(V1_pre_z)",9.51654533869656,0.0875629469312546,1.96524846980113,0.607069911317188
598,"s(V1_pre_z)",10.1419099207293,0.0924156153128737,2.04539580770472,0.627969076454537
599,"s(V1_pre_z)",9.74050672172668,0.0941428923209924,1.69670074144063,0.562782309836805
600,"s(V1_pre_z)",9.73555652983929,0.0931013261721768,1.8563047737096,0.584879244587995
601,"s(V1_pre_z)",10.4682249237898,0.0998067651299953,2.04802945515353,0.635035765434047
602,"s(V1_pre_z)",10.1847224864603,0.0965746695424611,2.00933098949694,0.621230802118906
603,"s(V1_pre_z)",10.271123571905,0.0908308443668955,2.0817228056797,0.633756743549374
604,"s(V1_pre_z)",10.2015385562327,0.0948876240259207,1.97509952275266,0.617592540875272
605,"s(V1_pre_z)",9.94659659120012,0.0896631719676461,1.99835609082093,0.614020352275303
606,"s(V1_pre_z)",9.85856769511825,0.0883429385139815,2.00239890241238,0.614572757572191
607,"s(V1_pre_z)",10.1470920876768,0.0894345144483902,2.10101326248529,0.638058642326319
608,"s(V1_pre_z)",9.99414584720111,0.0880244773243126,2.06888170126898,0.628051469182269
609,"s(V1_pre_z)",9.26814754841484,0.0877662671050934,1.81888666428502,0.576755048964281
610,"s(V1_pre_z)",10.411214995386,0.0934852872916608,2.07572856994656,0.634418707404171
611,"s(V1_pre_z)",9.02948801628353,0.0839570425950388,1.79613856118675,0.568504538321156
612,"s(V1_pre_z)",10.076772437616,0.09034034962902,2.01842169381722,0.619483616654978
613,"s(V1_pre_z)",9.87418383338032,0.0904877751197165,1.9419808341931,0.604708435614688
614,"s(V1_pre_z)",9.58420132333621,0.0864395038722024,2.04064291989899,0.616931186731952
615,"s(V1_pre_z)",10.2281910752533,0.0885913777676579,2.17637079018874,0.652197289113124
616,"s(V1_pre_z)",10.5754012720648,0.0978782358608558,2.09026510610476,0.638576103931422
617,"s(V1_pre_z)",10.4300360345505,0.0988799606859364,1.91903832158338,0.610490027562828
618,"s(V1_pre_z)",10.0611395383535,0.0903793193559335,2.07349381891404,0.630175694971957
619,"s(V1_pre_z)",9.8508309107677,0.0894892035860349,1.97744323949978,0.609680534411135
620,"s(V1_pre_z)",9.95056650657264,0.0831271042781873,2.19390906539507,0.649132507922992
621,"s(V1_pre_z)",10.1831835302799,0.0923636546040821,2.06871695805956,0.631583798740569
622,"s(V1_pre_z)",9.56337383019373,0.0820446254081292,2.07985782622793,0.625788629216436
623,"s(V1_pre_z)",9.49522396306269,0.0897863780050498,1.78434549961706,0.573055930065803
624,"s(V1_pre_z)",9.95582354868958,0.0928288763592584,1.89961852803401,0.599266601641679
625,"s(V1_pre_z)",9.94355049693406,0.0862356680980677,2.10546923270495,0.635596001250509
626,"s(V1_pre_z)",9.86048239284691,0.0889131205491634,2.02502741715127,0.620508212793893
627,"s(V1_pre_z)",10.2775902119043,0.0953216225214196,1.97441883650974,0.617289720323975
628,"s(V1_pre_z)",9.59838040663283,0.0837875408479768,2.10627596411799,0.630493337851898
629,"s(V1_pre_z)",10.3009778258376,0.0949031718268254,1.97934298673027,0.616262561321983
630,"s(V1_pre_z)",10.3239210440601,0.099502292837398,1.81630033515685,0.594162554664068
631,"s(V1_pre_z)",9.91511806587591,0.0918305363532443,1.93191805823636,0.605520737158281
632,"s(V1_pre_z)",9.94033216704692,0.0875503144750703,2.1184512957243,0.638125593899852
633,"s(V1_pre_z)",9.86607043438812,0.0993515913514151,2.22427797290503,0.655120398238352
634,"s(V1_pre_z)",10.1506719781391,0.0864365081685043,2.16248891351192,0.64664586911155
635,"s(V1_pre_z)",9.6811923872616,0.0874250703271423,1.99021992177079,0.614158785211338
636,"s(V1_pre_z)",9.6709415633009,0.0878522749390492,1.93008217744754,0.597293160735596
637,"s(V1_pre_z)",9.7295550418464,0.0913091844799521,1.83812339121772,0.583108284865482
638,"s(V1_pre_z)",9.91145988157128,0.086193634031417,2.10640122681262,0.632863182486947
639,"s(V1_pre_z)",10.2959328375662,0.0967991208911203,1.92859697803056,0.609534149935418
640,"s(V1_pre_z)",9.75755947081375,0.0858151001585761,2.06900294078181,0.625369208755731
641,"s(V1_pre_z)",10.2873143944563,0.0935665814260413,2.01514028658349,0.621863698776962
642,"s(V1_pre_z)",9.78421846233402,0.0912670238947045,1.92470194968935,0.600814701062177
643,"s(V1_pre_z)",10.4677322661073,0.088148570059317,2.21539421331076,0.657888552859187
644,"s(V1_pre_z)",10.5533389587819,0.09308289167155,2.13047883340057,0.647575505822375
645,"s(V1_pre_z)",9.82572691926752,0.0905224961911954,1.94955963809253,0.607616400006694
646,"s(V1_pre_z)",9.89834478128562,0.0946231079819592,1.78665904344221,0.580063257406412
647,"s(V1_pre_z)",9.77706828622793,0.0928932837164128,1.78201180790233,0.575339951418444
648,"s(V1_pre_z)",10.1482821281668,0.0924749167973552,2.04173445240481,0.627321317332164
649,"s(V1_pre_z)",10.2607096095693,0.0869532522273099,2.21728197355014,0.659066240935961
650,"s(V1_pre_z)",10.1663864671389,0.0979114199557435,1.79482719299796,0.586121657337885
651,"s(V1_pre_z)",9.84800498852879,0.0836328655735558,2.12453746257887,0.636030631800305
652,"s(V1_pre_z)",9.53282817536859,0.0884433761970989,1.8880612555704,0.591851746265274
653,"s(V1_pre_z)",9.64987291388546,0.0844185839942895,2.03327555790797,0.617354232614938
654,"s(V1_pre_z)",9.77119397160682,0.0877175262446567,2.03278606859999,0.620447556729873
655,"s(V1_pre_z)",10.1761746119614,0.0917645588220265,2.03424958041039,0.62511426645216
656,"s(V1_pre_z)",9.80251527771982,0.0892772168498469,1.95774527053693,0.607037404703727
657,"s(V1_pre_z)",10.6433308767182,0.0924552375940444,2.15848718056988,0.652245943855479
658,"s(V1_pre_z)",10.0488173478462,0.0906913632496733,2.00879818928132,0.618925947543364
659,"s(V1_pre_z)",10.1736147168949,0.0954830348588196,1.92944090238593,0.607287017184234
660,"s(V1_pre_z)",10.0879899265981,0.0916809229393993,2.03578640121526,0.626950851472177
661,"s(V1_pre_z)",9.95484787990932,0.0940795596550483,1.98850768552716,0.612992698284255
662,"s(V1_pre_z)",9.43407160421838,0.0859132310527585,1.9226768867137,0.594823190843353
663,"s(V1_pre_z)",10.4277774274957,0.0788206997651352,2.2507364970164,0.664418308432169
664,"s(V1_pre_z)",10.0538789076717,0.0865789397751117,2.14760409977145,0.641583654004594
665,"s(V1_pre_z)",10.3733327756906,0.0947180101965978,2.04600891069313,0.63092946233174
666,"s(V1_pre_z)",9.67809066822029,0.0871209443084314,1.96926487069163,0.605592763217732
667,"s(V1_pre_z)",10.774787248358,0.0973008727581034,2.12853561078583,0.647574671519229
668,"s(V1_pre_z)",9.85603596137332,0.0826484974289559,2.18050067988113,0.645532223558196
669,"s(V1_pre_z)",10.2933277121588,0.097321701272697,1.89952729347638,0.60605374936188
670,"s(V1_pre_z)",9.44375253205097,0.0841584256815764,1.96551315003836,0.601447885277915
671,"s(V1_pre_z)",9.84741657810792,0.0855652614288803,2.08757580135141,0.629783930374769
672,"s(V1_pre_z)",10.0933216161361,0.0962012635794303,2.03033714837727,0.624712247651553
673,"s(V1_pre_z)",9.93660585253141,0.0898559513691566,2.02793094904492,0.62102972731955
674,"s(V1_pre_z)",9.29907014289547,0.0842636873718685,1.92600612087588,0.59422434040436
675,"s(V1_pre_z)",9.98533721725846,0.0959469265803176,1.89601830814902,0.600086285674691
676,"s(V1_pre_z)",10.2721203397463,0.093444213545262,2.01538658845928,0.623602945274247
677,"s(V1_pre_z)",10.192530042742,0.0928386907043218,2.01495451655014,0.619974319477793
678,"s(V1_pre_z)",9.8553045314947,0.0895953064648082,1.98191114537597,0.610021848279283
679,"s(V1_pre_z)",10.0433817384326,0.0835385179134177,2.1959556002934,0.648595340305202
680,"s(V1_pre_z)",9.82210190500658,0.0919914876837337,1.89124476862832,0.597137640566455
681,"s(V1_pre_z)",10.259695940799,0.0951036066532688,1.98156142022348,0.617186098209377
682,"s(V1_pre_z)",10.5910076711475,0.0895899135864387,2.2636010352643,0.671613408002798
683,"s(V1_pre_z)",9.61660072279198,0.0892779964783467,1.96716496459414,0.606749015205002
684,"s(V1_pre_z)",10.0785995997561,0.094918049227232,1.88456966126412,0.599235562556561
685,"s(V1_pre_z)",9.95107848986552,0.0840661727953468,2.14034181443606,0.638607327273789
686,"s(V1_pre_z)",9.27070531674196,0.0813952257282977,2.00857482798723,0.609983368777112
687,"s(V1_pre_z)",9.52676024859327,0.085802119768437,1.97373319711671,0.605859486927308
688,"s(V1_pre_z)",9.78029779616102,0.0851794052793138,2.10549062419638,0.631170369859746
689,"s(V1_pre_z)",10.0922821944505,0.0875784189533287,2.1174167347066,0.637455033663775
690,"s(V1_pre_z)",9.84205203095179,0.0840071596554497,2.10570004832961,0.63136803880355
691,"s(V1_pre_z)",10.2745753599734,0.0880724514313812,2.14525915743883,0.642877643434485
692,"s(V1_pre_z)",9.99502419954072,0.0896531822753608,2.0740704438442,0.628067218894455
693,"s(V1_pre_z)",9.266376986339,0.0802213061059667,2.0837598675799,0.619473809685035
694,"s(V1_pre_z)",9.85888353820608,0.0909587331493985,1.94677180343836,0.606239289966832
695,"s(V1_pre_z)",9.72202329365257,0.0913832258653223,1.85253583922559,0.59015232455197
696,"s(V1_pre_z)",9.37167036250769,0.0815362790748145,2.03005522903218,0.611797493225242
697,"s(V1_pre_z)",10.28264907151,0.0955024030001964,2.03317217196026,0.627870265871916
698,"s(V1_pre_z)",9.94587325245681,0.091385065748333,1.93888702999408,0.603786472554237
699,"s(V1_pre_z)",10.1146980583156,0.0967176763923699,1.96260233907908,0.613297149593996
700,"s(V1_pre_z)",9.80376180060859,0.0942583930897306,1.79680575640544,0.581936909661986
701,"s(V1_pre_z)",10.4551322170206,0.105620921119371,2.26950752425739,0.668419051745088
702,"s(V1_pre_z)",9.46956364210155,0.085986188401332,1.97423726152382,0.606337228795759
703,"s(V1_pre_z)",10.0449710115813,0.0900083661784657,2.05399790634741,0.628711675362588
704,"s(V1_pre_z)",9.92844898330954,0.0857337716437922,2.11527333327333,0.635357528026779
705,"s(V1_pre_z)",10.025308685597,0.093446650232271,1.91884581385913,0.60217531800247
706,"s(V1_pre_z)",9.9813994838205,0.0888482050149323,2.08489583378984,0.631713053652924
707,"s(V1_pre_z)",10.4173162531323,0.0944209991499589,2.1100884510893,0.641645533279158
708,"s(V1_pre_z)",9.70788168029742,0.0941520361595278,1.88406752244112,0.59548717913261
709,"s(V1_pre_z)",10.4691978458518,0.0897203019191858,2.17576844096636,0.651422456537262
710,"s(V1_pre_z)",9.86767265028051,0.0906862067886301,1.94082236257867,0.606093514292186
711,"s(V1_pre_z)",9.90190072851952,0.0873855126644464,2.06403015178608,0.626227717473295
712,"s(V1_pre_z)",9.7492247063374,0.0941655008429451,1.79540859537044,0.583996828131704
713,"s(V1_pre_z)",10.0973355763679,0.0963060442930466,1.94528343984725,0.610576063165925
714,"s(V1_pre_z)",9.63137821574627,0.0914893535528063,1.82356210940141,0.583217781986435
715,"s(V1_pre_z)",9.97170938932339,0.0893983030064422,2.01121244735616,0.617029208665986
716,"s(V1_pre_z)",9.4550169657218,0.0859353949267045,1.92327576229633,0.597034673689397
717,"s(V1_pre_z)",10.28235664266,0.0969043498277287,1.89738762080731,0.603960025817584
718,"s(V1_pre_z)",10.4698913105112,0.0911586986871877,2.14272932642843,0.645396023526465
719,"s(V1_pre_z)",10.3435011607121,0.096645787634584,1.96674740752515,0.617726840623228
720,"s(V1_pre_z)",9.55048147701189,0.0917176901991566,1.73445931967297,0.569228325697715
721,"s(V1_pre_z)",9.52956710437954,0.0874115054470818,1.93464614884529,0.596593451197224
722,"s(V1_pre_z)",9.94914313050827,0.089454390447265,2.06990573803992,0.627975503314177
723,"s(V1_pre_z)",9.89220821169279,0.0920851777040607,1.91643308483746,0.602854842383129
724,"s(V1_pre_z)",9.41215767066875,0.0801653334747496,2.10038552090639,0.623372359605582
725,"s(V1_pre_z)",10.2845318772215,0.0909587276152825,2.0881671196988,0.6341309710552
726,"s(V1_pre_z)",9.87658959343699,0.0887686161888757,2.01011895616208,0.617648221689458
727,"s(V1_pre_z)",9.66978793343197,0.0819145768758017,2.12029731660627,0.633739310378956
728,"s(V1_pre_z)",10.272363620192,0.0937066141292262,2.03389470870272,0.624383799186808
729,"s(V1_pre_z)",9.66281649545338,0.0882812479734784,1.92188652509891,0.596790032554069
730,"s(V1_pre_z)",9.95369463905921,0.092095424343184,1.92542294088228,0.603473227552432
731,"s(V1_pre_z)",9.45086065175738,0.0884412795047428,1.85626391079433,0.585305120163358
732,"s(V1_pre_z)",10.1570037580407,0.0893451350530948,2.14397878793903,0.645775973150413
733,"s(V1_pre_z)",10.2447045511442,0.0930253380651325,2.00498648629575,0.619031858151939
734,"s(V1_pre_z)",10.0793823611868,0.0914284323797852,1.98480800757168,0.612772620953914
735,"s(V1_pre_z)",8.94050994412929,0.0807646812388779,1.88796165373124,0.584494489726219
736,"s(V1_pre_z)",10.2798390028032,0.0918423426087101,2.08447522523563,0.636215109167966
737,"s(V1_pre_z)",9.60437346452772,0.0897526834782906,1.88353641095741,0.592586641148677
738,"s(V1_pre_z)",9.62587290819793,0.0907754625519746,1.88239559723516,0.592566505362839
739,"s(V1_pre_z)",9.80565728687671,0.0869919173091897,2.03216532841426,0.620174088255869
740,"s(V1_pre_z)",9.84942807095958,0.0899008275355397,1.9651639316998,0.609581772023092
741,"s(V1_pre_z)",9.81427955418587,0.0840891960142494,2.11664680924331,0.63420195315634
742,"s(V1_pre_z)",9.86604032877326,0.0839128347518342,2.14450746106138,0.636989136937585
743,"s(V1_pre_z)",9.84042401334445,0.0868111251210623,2.06423033979437,0.626245392416313
744,"s(V1_pre_z)",9.71585194123232,0.0862671768772252,2.08919945401967,0.628419619636901
745,"s(V1_pre_z)",9.70026490531758,0.0915759488308158,1.83125389653441,0.584545170291714
746,"s(V1_pre_z)",10.0957350964706,0.0942267268547776,1.94190398842831,0.608921152795418
747,"s(V1_pre_z)",10.0122268087854,0.0932407828080712,1.9005564225103,0.597897147296767
748,"s(V1_pre_z)",9.47521085699506,0.0784714095086195,2.17252003114735,0.640099700348032
749,"s(V1_pre_z)",10.05728697752,0.0918578673283734,1.96659513626335,0.609594410808345
750,"s(V1_pre_z)",10.0190235930559,0.0914896125368943,2.02292799476245,0.622421743550473
751,"s(V1_pre_z)",9.98522781156919,0.087543649229928,2.08884934615875,0.632329508242703
752,"s(V1_pre_z)",9.64750023324707,0.0864252873943236,2.01290662216567,0.615990504898673
753,"s(V1_pre_z)",10.1060903618839,0.0929273388185346,1.97091988682323,0.612396675831315
754,"s(V1_pre_z)",10.4704841429982,0.0943458589985668,2.07023490858528,0.636106591269139
755,"s(V1_pre_z)",9.95184282921037,0.0913153265564216,1.98799795107213,0.616565262480451
756,"s(V1_pre_z)",9.59135134933267,0.0882140659393602,1.93092830741864,0.600840534220928
757,"s(V1_pre_z)",9.94664238758059,0.0935867089030384,1.85702222461472,0.590795397364793
758,"s(V1_pre_z)",10.3883062488327,0.0918781439847869,2.11068539946432,0.640640114364767
759,"s(V1_pre_z)",10.3236173574434,0.0956928998755887,1.98259812705962,0.616991337175452
760,"s(V1_pre_z)",9.63754726401935,0.0897207206782201,1.8893253854053,0.594071721558092
761,"s(V1_pre_z)",10.1496864556961,0.0957369583080147,1.92330875877316,0.607349300438532
762,"s(V1_pre_z)",9.11152338240887,0.0790428361005926,1.98890708604652,0.599976413386706
763,"s(V1_pre_z)",9.77877398717352,0.0857903116745196,2.07611259035859,0.625730092418518
764,"s(V1_pre_z)",9.50814725661483,0.0886433392496637,1.91240310259305,0.595641079812713
765,"s(V1_pre_z)",10.2393811446086,0.0956824884373288,1.96306756279647,0.613226187970289
766,"s(V1_pre_z)",9.7606451819879,0.0932391094974084,1.89711739382651,0.596736146191619
767,"s(V1_pre_z)",10.148398582439,0.0914081044621267,2.078654307094,0.634440573148266
768,"s(V1_pre_z)",9.91638584541367,0.0862539959628259,2.11646695535914,0.635813910554463
769,"s(V1_pre_z)",10.1305464333399,0.0911977749890063,2.04191614285607,0.625567631250245
770,"s(V1_pre_z)",9.87041324082002,0.0911932196042422,1.91451516591115,0.600620920488015
771,"s(V1_pre_z)",9.91912663281316,0.0933969334672982,1.90656801129988,0.6018797213584
772,"s(V1_pre_z)",9.55715094324928,0.0860119121491178,2.01288070908259,0.611089196512433
773,"s(V1_pre_z)",10.295323138324,0.0971942263872268,1.92091013435108,0.608784673805729
774,"s(V1_pre_z)",9.72506086237478,0.0870229448498424,1.99762568271557,0.612306160813534
775,"s(V1_pre_z)",9.55808436973596,0.0913826399748338,1.79973964465152,0.578925858855749
776,"s(V1_pre_z)",10.2071865666946,0.0959749884154387,1.97375136306625,0.614240089083515
777,"s(V1_pre_z)",10.0514216726821,0.0972190651841325,1.83697458391313,0.596143066811585
778,"s(V1_pre_z)",9.87074143561421,0.090757009518613,1.97524940699952,0.60970709883913
779,"s(V1_pre_z)",10.1315364513446,0.102352946286999,2.24043212441574,0.65988697120677
780,"s(V1_pre_z)",10.2102566836286,0.0918719914725894,2.04032266352173,0.625671280717969
781,"s(V1_pre_z)",9.82363948581154,0.0928381171237036,1.83728788536622,0.586979259387331
782,"s(V1_pre_z)",9.351074387584,0.0846119345708154,2.01339366554796,0.609995554284268
783,"s(V1_pre_z)",10.4394482965328,0.094348272705401,2.07127021890134,0.633938856233754
784,"s(V1_pre_z)",9.85291258106818,0.0872459866388189,2.05970542041907,0.625748020832577
785,"s(V1_pre_z)",10.1450417167629,0.0906970766688134,2.05604655699943,0.62971918419691
786,"s(V1_pre_z)",10.4062371861819,0.0959014659386874,2.0492784266182,0.630690897363099
787,"s(V1_pre_z)",9.90820084879386,0.0853169188316801,2.14070591199636,0.640166641519567
788,"s(V1_pre_z)",9.87704689958214,0.0879691950984902,2.03493312372258,0.620898138732688
789,"s(V1_pre_z)",10.1985053968836,0.0897406281251916,2.15947813761903,0.647146709294918
790,"s(V1_pre_z)",9.95856349099418,0.0935325262434826,1.96794595789958,0.60901993990784
791,"s(V1_pre_z)",10.4981212107184,0.0889430387705981,2.19924648489069,0.654389641022555
792,"s(V1_pre_z)",9.94563073122828,0.0874434828678082,2.1384937567908,0.63980760289704
793,"s(V1_pre_z)",9.70111988746492,0.0845561352650595,2.05216534479347,0.618558723067325
794,"s(V1_pre_z)",9.63330342019104,0.0827119834497854,2.08146814184151,0.626089659090869
795,"s(V1_pre_z)",9.34491441854863,0.0875673584407705,1.81982281984942,0.577672373318389
796,"s(V1_pre_z)",10.0289733776587,0.091263902117393,1.98679958936367,0.614507975834736
797,"s(V1_pre_z)",10.3230623431966,0.0916884141808264,2.13370942188509,0.642158461220383
798,"s(V1_pre_z)",9.8878771058368,0.0894059492311852,1.98680990769526,0.612547358706716
799,"s(V1_pre_z)",9.60560564705196,0.0926875433860958,1.70796017366459,0.562608329093937
800,"s(V1_pre_z)",10.173553451096,0.0935510043130346,1.9617891259706,0.61236302486109
801,"s(V1_pre_z)",9.61767087000336,0.0882564026406593,1.92961625401261,0.600478599759933
802,"s(V1_pre_z)",10.1964692166115,0.0892542030815693,2.12646557546379,0.63976214625496
803,"s(V1_pre_z)",9.65493325962676,0.0891194324690691,1.96602448391816,0.606206537695729
804,"s(V1_pre_z)",9.7245586369524,0.0902417378943877,1.9504486414069,0.603824563396272
805,"s(V1_pre_z)",10.2840794288558,0.0898583800806834,2.1230428989972,0.640346635442346
806,"s(V1_pre_z)",10.0985318626985,0.0911527013934111,2.03484043029811,0.624220250454414
807,"s(V1_pre_z)",10.681614916066,0.0964593948094158,2.07312987659264,0.636608197533456
808,"s(V1_pre_z)",10.088077638795,0.0889472766659998,2.0506021565598,0.624071200330155
809,"s(V1_pre_z)",9.65188020685842,0.0878969372842345,1.96703758644226,0.607299589324376
810,"s(V1_pre_z)",9.80275325157028,0.0830673614794298,2.10318202950046,0.627382307662074
811,"s(V1_pre_z)",10.1435575673197,0.0935332543261605,1.98587015157101,0.618683804484678
812,"s(V1_pre_z)",10.5335608120939,0.0881108375414463,2.28725784619748,0.673961058320286
813,"s(V1_pre_z)",10.4265256515006,0.0962600931446381,2.06674328209522,0.636266172061097
814,"s(V1_pre_z)",9.8159065592316,0.0900697838999157,1.94666889849924,0.606105964824493
815,"s(V1_pre_z)",9.67538925110207,0.0809590359581479,2.15016376328812,0.636041701001531
816,"s(V1_pre_z)",10.0620879650206,0.0959451367690781,1.87327275851728,0.59471518103302
817,"s(V1_pre_z)",10.1008779727824,0.0923779616798516,1.99351571815559,0.618767558640696
818,"s(V1_pre_z)",9.94533046800234,0.0915183042494422,2.02263817325534,0.618202006090401
819,"s(V1_pre_z)",10.0511669745194,0.0942674482650088,1.93756929857031,0.605910476978364
820,"s(V1_pre_z)",9.81748076947073,0.0857049339342432,2.08513648668135,0.629474704041765
821,"s(V1_pre_z)",9.88061265349714,0.0886361956574506,2.08461696725345,0.628505478757917
822,"s(V1_pre_z)",9.76218931121326,0.0900198293207223,1.94106516852387,0.604000831805836
823,"s(V1_pre_z)",9.47794296193872,0.0837900478300168,1.99177418874084,0.607508564020036
824,"s(V1_pre_z)",10.2393228083384,0.0935666592809506,2.00883975419397,0.621037589960239
825,"s(V1_pre_z)",9.61589680903291,0.0857988021350001,2.00881618904218,0.613723989569371
826,"s(V1_pre_z)",10.5926833581098,0.0949385718194615,2.07562214372467,0.636734433017103
827,"s(V1_pre_z)",9.60404914338439,0.0879368052061671,1.93024356215719,0.599571545744738
828,"s(V1_pre_z)",9.50447689510152,0.088580448502572,1.83404728746016,0.580724825717487
829,"s(V1_pre_z)",9.7962687878444,0.0978439305152425,2.18774604334302,0.644360331092442
830,"s(V1_pre_z)",9.53067130835285,0.0871062613454931,1.93897124767339,0.602105717223164
831,"s(V1_pre_z)",9.46246606578305,0.0850634636461337,1.95293538150952,0.601833908886572
832,"s(V1_pre_z)",9.92007643320993,0.0908868686177916,1.98436275081615,0.614903042515791
833,"s(V1_pre_z)",10.1579604791859,0.0898307188448082,2.19758560054566,0.654193585771439
834,"s(V1_pre_z)",9.96601112063562,0.0930803018325503,1.92186492615786,0.605418888080395
835,"s(V1_pre_z)",9.90684711424001,0.0854313203374897,2.14774232417126,0.641191082622217
836,"s(V1_pre_z)",10.4404235169345,0.0942904593278018,2.11366875243145,0.643600657401301
837,"s(V1_pre_z)",9.91259479724988,0.092704865358386,1.92883095847378,0.605299166787138
838,"s(V1_pre_z)",9.73624735065592,0.0922201932712183,1.90518103136585,0.599657166739158
839,"s(V1_pre_z)",10.1180610577546,0.0915779742374321,2.00610416232136,0.61901861722464
840,"s(V1_pre_z)",10.0900771128391,0.09098799215337,2.08308334172067,0.632594127150245
841,"s(V1_pre_z)",9.28935079024314,0.0858548268691353,1.85607031757736,0.583054063987466
842,"s(V1_pre_z)",10.0097297574871,0.0913525299270774,2.00138062363139,0.616672040354442
843,"s(V1_pre_z)",10.1765065424844,0.0944830497251328,1.97991726768732,0.615363612309342
844,"s(V1_pre_z)",9.38683797705037,0.0854922321401526,1.95228568404433,0.602696262252975
845,"s(V1_pre_z)",9.81565406680319,0.0864101112507986,2.08450326694498,0.628622320265129
846,"s(V1_pre_z)",9.8407632127354,0.0822279313810212,2.17208367541885,0.643330202729375
847,"s(V1_pre_z)",9.64440305066284,0.0972041243669158,2.16693246979405,0.638260941560877
848,"s(V1_pre_z)",9.93161736800119,0.0891001540938658,2.01462171223975,0.616205952593128
849,"s(V1_pre_z)",9.92783923437245,0.099571874210758,2.21765486308458,0.653194649856565
850,"s(V1_pre_z)",10.127865526205,0.0875237365930918,2.11997772862857,0.639387101791813
851,"s(V1_pre_z)",10.0013576235815,0.0869261278254265,2.1145910415313,0.6344455594011
852,"s(V1_pre_z)",9.85069720752539,0.0874203633076027,2.02750003729676,0.61763483731904
853,"s(V1_pre_z)",10.4287409134528,0.0936832563663241,2.25619054874212,0.669561255389391
854,"s(V1_pre_z)",10.2525412898356,0.0982600944590268,1.82191968025116,0.587675682974516
855,"s(V1_pre_z)",10.0399851610561,0.08838763303309,2.07137483469052,0.627833736565229
856,"s(V1_pre_z)",9.67050564806457,0.089555932882131,1.91764245038936,0.598882939060475
857,"s(V1_pre_z)",9.98182174839167,0.0869809349963597,2.09786971377199,0.63336677730017
858,"s(V1_pre_z)",10.0940852983284,0.090390330594232,2.06473603323719,0.630872606810296
859,"s(V1_pre_z)",9.87390538340241,0.0877467134764822,2.06123586889139,0.627420890867849
860,"s(V1_pre_z)",10.0200007745664,0.0830187205329506,2.20031837320328,0.648950344902976
861,"s(V1_pre_z)",10.0548620167848,0.0940630817312677,1.97033338396831,0.614064273070884
862,"s(V1_pre_z)",9.6652064469379,0.0882009443454438,1.92542127467925,0.59664643076212
863,"s(V1_pre_z)",9.96262445885083,0.085424923739147,2.15810433646877,0.644503285585869
864,"s(V1_pre_z)",9.81019589847768,0.0877215539226198,2.07797286436839,0.629591167818418
865,"s(V1_pre_z)",9.69154561456952,0.0837265415969163,2.05782882143766,0.620014995013134
866,"s(V1_pre_z)",10.1720112638792,0.0898178392784615,2.074490440621,0.631041176255722
867,"s(V1_pre_z)",10.1902615067039,0.093336072465992,2.01855634265229,0.621536895259566
868,"s(V1_pre_z)",9.37407188236044,0.0864436664145033,1.88245365623245,0.588752335136384
869,"s(V1_pre_z)",9.96166079937477,0.0875391292703514,2.1076611158136,0.633683171015408
870,"s(V1_pre_z)",9.66434107674697,0.0977820298023097,2.20025320554625,0.648000922772029
871,"s(V1_pre_z)",10.1917700016604,0.0926026267570259,2.01965501952885,0.623890488395982
872,"s(V1_pre_z)",9.44314777179419,0.0845841679400745,1.98279726254288,0.606054058026788
873,"s(V1_pre_z)",9.82781857491487,0.0869138121602603,2.02703260214226,0.618333901382369
874,"s(V1_pre_z)",9.76025325262149,0.0873279256120454,2.04647787098814,0.623410594617895
875,"s(V1_pre_z)",9.98190432435423,0.0831638343120982,2.20746780982801,0.653032523704341
876,"s(V1_pre_z)",10.2360777260204,0.0879922460215574,2.14230684379815,0.644584889852238
877,"s(V1_pre_z)",9.96752549865831,0.0943346926302609,1.84320696280276,0.589875033176776
878,"s(V1_pre_z)",9.88777996917838,0.0871128223026354,2.06478053221346,0.627458225987825
879,"s(V1_pre_z)",10.1017359858759,0.0896968087838583,2.06926325088615,0.631577768599753
880,"s(V1_pre_z)",9.8183452098541,0.0863863426862837,2.08546605999091,0.629549208616381
881,"s(V1_pre_z)",9.65580299584846,0.0914011763549668,1.80734532583953,0.578360412249116
882,"s(V1_pre_z)",9.79140652795784,0.0904166434970283,1.91361157702898,0.597705551203298
883,"s(V1_pre_z)",9.55058642952645,0.0833199603694466,2.04010818737408,0.616622133341954
884,"s(V1_pre_z)",10.2767417227279,0.0870368709510601,2.23427679634644,0.659325069787066
885,"s(V1_pre_z)",10.5453331387231,0.0898293901066187,2.22293042482203,0.664407234023158
886,"s(V1_pre_z)",10.404648496719,0.0891531698504636,2.18670256302954,0.654674226262179
887,"s(V1_pre_z)",9.75370742108299,0.0926607839664978,1.77332373652563,0.573274300519743
888,"s(V1_pre_z)",10.4804806654211,0.0912101813623564,2.15518023627952,0.64790416459483
889,"s(V1_pre_z)",9.89958047338929,0.0868740100756251,2.07461530341186,0.628046390624833
890,"s(V1_pre_z)",10.5416797944861,0.0921696909886511,2.13198061717299,0.644869208458308
891,"s(V1_pre_z)",10.2396091412315,0.0939568559045522,2.09801581318576,0.634188787458714
892,"s(V1_pre_z)",10.8175366488879,0.0947305672250768,2.16723910326281,0.656483006005177
893,"s(V1_pre_z)",10.6385942169484,0.0959189471989264,2.08588841601417,0.640432818105668
894,"s(V1_pre_z)",10.0840467753631,0.0898930677929559,2.11031262890829,0.639778380482177
895,"s(V1_pre_z)",9.93285773417861,0.0893701065144449,2.02142337616125,0.619203263454673
896,"s(V1_pre_z)",10.2966112817403,0.0911595118814665,2.12933447731036,0.641240497075872
897,"s(V1_pre_z)",10.3636962397579,0.096751735870313,1.94018664087096,0.612279056546684
898,"s(V1_pre_z)",9.83564208332833,0.0905070684264908,1.98165870755901,0.615235376840171
899,"s(V1_pre_z)",9.73740779709913,0.0889719577176254,1.94986447862054,0.604917200947849
900,"s(V1_pre_z)",9.89425184248,0.0891408021289562,1.99949444398543,0.614523366907188
901,"s(V1_pre_z)",10.0204612620741,0.0914918932929814,1.97329371277681,0.612298734056
902,"s(V1_pre_z)",9.69368767024819,0.0976462163328097,2.19388578576547,0.646132829391154
903,"s(V1_pre_z)",10.1327606775755,0.0948589080647132,1.90862176715451,0.603804982506636
904,"s(V1_pre_z)",10.3487350286192,0.0893778105033345,2.14694506065654,0.646355367997598
905,"s(V1_pre_z)",10.1745225190765,0.0938439453324703,1.97227177106456,0.615101319276709
906,"s(V1_pre_z)",9.70433372032348,0.0876015569759967,1.97238704247636,0.606321457482283
907,"s(V1_pre_z)",9.68539535744962,0.0891374331441455,1.907135888474,0.597576215828322
908,"s(V1_pre_z)",8.91368197853837,0.0830741263246393,1.78018493863731,0.564933185168005
909,"s(V1_pre_z)",9.53664275961538,0.0828800665068699,2.05877642681837,0.619909575268144
910,"s(V1_pre_z)",9.70757884454637,0.0846960967167295,2.11098040285448,0.632904052566895
911,"s(V1_pre_z)",10.3387309104627,0.0916611436625838,2.11801299930974,0.64293506599245
912,"s(V1_pre_z)",9.96734825593025,0.0928589088650769,1.99812382538719,0.614727418907319
913,"s(V1_pre_z)",10.028406017612,0.0874456263324261,2.10850212645941,0.637127881228032
914,"s(V1_pre_z)",10.7743354622641,0.0952542150527608,2.18626843624649,0.661124346729264
915,"s(V1_pre_z)",9.85569654798018,0.0910862780656162,1.93455597508793,0.60554985943433
916,"s(V1_pre_z)",10.2628529162643,0.0951857548752946,1.96706597252293,0.617666292092643
917,"s(V1_pre_z)",9.75193724927777,0.0897408845733088,1.94705041522436,0.605117256788385
918,"s(V1_pre_z)",9.70470725215092,0.0858735248707068,2.00524694284562,0.611964390855452
919,"s(V1_pre_z)",9.5022833961854,0.0800436103914477,2.12387148604703,0.630773350863096
920,"s(V1_pre_z)",10.0042263696237,0.0955254999586743,1.84659188815866,0.589478297853266
921,"s(V1_pre_z)",9.56940593105571,0.0868099787915351,1.98723362638808,0.608447109451592
922,"s(V1_pre_z)",9.97281154595219,0.0932376802078498,1.8942828985426,0.598955202054668
923,"s(V1_pre_z)",9.71926173832069,0.0903930787120336,1.87713783520066,0.590969927612556
924,"s(V1_pre_z)",9.65333126914476,0.0884788301763218,1.92933007906808,0.600541425627344
925,"s(V1_pre_z)",10.5380075875001,0.0980607131651901,1.99621240561179,0.625298447390053
926,"s(V1_pre_z)",9.61542441453297,0.0884412644148299,1.88412185693019,0.58941456360252
927,"s(V1_pre_z)",10.0364649141438,0.0869049577775664,2.1078963679642,0.63609197244623
928,"s(V1_pre_z)",9.840332445778,0.0835357504808206,2.1383309556966,0.637455994589018
929,"s(V1_pre_z)",9.87026312586255,0.0916770141714431,1.89521574927943,0.595914712756876
930,"s(V1_pre_z)",9.62146014918993,0.0881566528038815,1.9334865649543,0.60233343593054
931,"s(V1_pre_z)",9.78025243106524,0.0920511163374345,1.99587793779106,0.613366959783465
932,"s(V1_pre_z)",10.5483821013162,0.0954021372985943,2.15064506186087,0.647583931497096
933,"s(V1_pre_z)",10.4691057100587,0.0914103885792125,2.13955331465565,0.645528142870849
934,"s(V1_pre_z)",9.79924300871845,0.0851747450738606,2.05629469929148,0.621004908236394
935,"s(V1_pre_z)",10.2217764618284,0.0913193645793499,2.06313117762636,0.629677891575213
936,"s(V1_pre_z)",9.95782059346476,0.085586910597156,2.11606486434506,0.633048971551295
937,"s(V1_pre_z)",9.5824605979165,0.0893638276283162,1.84421142745094,0.582648979090425
938,"s(V1_pre_z)",10.0794704503733,0.0835917606921738,2.21563107569366,0.653781914236096
939,"s(V1_pre_z)",9.53987780447515,0.0889119642562501,1.86410771957344,0.58844193254613
940,"s(V1_pre_z)",9.65467282574271,0.0910227018756082,1.92317484403916,0.602271782043522
941,"s(V1_pre_z)",10.1724906455896,0.0892865440867965,2.10126725417432,0.636333390494432
942,"s(V1_pre_z)",10.0632490550008,0.0889207578957846,2.06279827317817,0.627361426163061
943,"s(V1_pre_z)",9.50311950396136,0.0887148808243268,1.85162023684258,0.587424013218302
944,"s(V1_pre_z)",10.404644632833,0.0908223798213883,2.12330261180014,0.641353306278562
945,"s(V1_pre_z)",9.88575264529657,0.0925248603718251,1.90268355125376,0.600281676171189
946,"s(V1_pre_z)",10.4326649870516,0.0960189791305938,2.030187907077,0.628395960805772
947,"s(V1_pre_z)",9.8660829891522,0.090019768515141,1.99937750527884,0.614849197672446
948,"s(V1_pre_z)",9.96890886928555,0.0847169833112523,2.13728752637881,0.639736810885704
949,"s(V1_pre_z)",10.1566743364493,0.0910020212645841,2.05872684675626,0.627569695157451
950,"s(V1_pre_z)",9.76836661991111,0.0885709914548845,2.05974480769059,0.621817029351221
951,"s(V1_pre_z)",10.2022597537131,0.0921306951227119,2.06787676687429,0.6325792451626
952,"s(V1_pre_z)",9.77377666756913,0.0905883504409697,1.91739039536647,0.596826183082299
953,"s(V1_pre_z)",9.53372472870244,0.083684937754636,2.02887519249856,0.616591219339751
954,"s(V1_pre_z)",9.44462574433075,0.0890594608302626,1.87464906206212,0.589612252555932
955,"s(V1_pre_z)",10.202832516495,0.0861473509953854,2.16814790365819,0.645205379162443
956,"s(V1_pre_z)",9.78084544078027,0.0904571821020301,1.89850925186632,0.596974808504804
957,"s(V1_pre_z)",10.0509260895277,0.0929402782156816,1.92498484605608,0.60471647297797
958,"s(V1_pre_z)",10.13857695149,0.0947828104819998,1.94840321994588,0.609287148546716
959,"s(V1_pre_z)",9.66320660158283,0.0898760065665766,1.90415564037754,0.596891020610065
960,"s(V1_pre_z)",10.3822971379533,0.0928058764947309,2.11188452596624,0.638842531146652
961,"s(V1_pre_z)",9.52801244139876,0.0865473529296425,1.94237313067435,0.600732773694469
962,"s(V1_pre_z)",9.37373698390877,0.0855513988673996,1.9015338610303,0.589277044284018
963,"s(V1_pre_z)",10.0200011435539,0.0928700493633363,1.93706394941089,0.604585128044957
964,"s(V1_pre_z)",10.6069882318275,0.0945650377701772,2.09461850846963,0.640160562899071
965,"s(V1_pre_z)",10.4052197289836,0.0973703272885332,1.96029727427409,0.618022270824702
966,"s(V1_pre_z)",10.2301605164954,0.0834674542203471,2.2219819216473,0.654302267985822
967,"s(V1_pre_z)",10.2312310214735,0.0828657719229721,2.24828448219277,0.663553562112148
968,"s(V1_pre_z)",9.75993774697654,0.087578517328612,1.98255047297659,0.607293887050413
969,"s(V1_pre_z)",10.0567471012175,0.0871769139456104,2.10772437341394,0.63462663478266
970,"s(V1_pre_z)",9.91502599972846,0.085363710868628,2.12992412757857,0.64032529070781
971,"s(V1_pre_z)",9.32947147304792,0.0905431368604198,1.60414241266535,0.540959808616491
972,"s(V1_pre_z)",9.75946423565123,0.0889318411981279,1.98540457573415,0.611029043031769
973,"s(V1_pre_z)",9.74931956536378,0.0899142851767157,1.92080884700953,0.599614879124172
974,"s(V1_pre_z)",9.96895030087718,0.0925681974249935,1.93053318379939,0.604907483624533
975,"s(V1_pre_z)",9.75847394567775,0.0862392056149885,2.01791762018803,0.614285048361686
976,"s(V1_pre_z)",10.0928802537737,0.0943927734742808,1.91470445891618,0.602750216297642
977,"s(V1_pre_z)",9.57265767059313,0.0866807636608881,1.95048167675419,0.599933661116428
978,"s(V1_pre_z)",10.2922051059039,0.0854728422087743,2.24145230926587,0.661594318818053
979,"s(V1_pre_z)",9.51565203536724,0.0873694896040656,1.89496139657515,0.590430907012871
980,"s(V1_pre_z)",9.89378528077463,0.0919698594648284,1.99143156759418,0.612391445987104
981,"s(V1_pre_z)",9.79292068090963,0.0845404198936989,2.11270820592846,0.634960314404101
982,"s(V1_pre_z)",10.1656637864822,0.091618773493474,2.01704296888586,0.62016688337424
983,"s(V1_pre_z)",9.77856924338408,0.0849457657642812,2.06570867405739,0.624582198824126
984,"s(V1_pre_z)",10.1149658478186,0.0925699943180346,1.98755762759178,0.615851829717446
985,"s(V1_pre_z)",9.98689574361264,0.0847727081384119,2.19774460865847,0.648871707090753
986,"s(V1_pre_z)",10.1164582094555,0.0938181172106556,2.00096925044882,0.618155829764899
987,"s(V1_pre_z)",10.1965859714468,0.0942620676905092,1.96669757216297,0.61061178349504
988,"s(V1_pre_z)",9.88212015859697,0.0913403423103505,1.92882112644538,0.60151569827848
989,"s(V1_pre_z)",9.9995583915494,0.0873719915167804,2.10536055671037,0.63763641693493
990,"s(V1_pre_z)",9.4346656041952,0.0863685464091362,1.93091165419274,0.598356487607161
991,"s(V1_pre_z)",9.93361207456571,0.0899940309774097,2.00140208638957,0.615054873979456
992,"s(V1_pre_z)",9.86773656253984,0.0932229619743867,1.92976125253745,0.60345224086964
993,"s(V1_pre_z)",9.80404664096791,0.0928943067299526,1.85266095787423,0.588358724948611
994,"s(V1_pre_z)",9.87762760286925,0.0898979376199271,1.96552760033971,0.608768546364018
995,"s(V1_pre_z)",9.74465100991604,0.089577744783396,1.92614142787539,0.601394827624443
996,"s(V1_pre_z)",10.2856722773194,0.0913333703571377,2.11166561665429,0.640704661583926
997,"s(V1_pre_z)",10.1460629556699,0.0939993837250288,1.94516093176146,0.610620128117253
998,"s(V1_pre_z)",10.0987777974208,0.0879095326122024,2.11917997579584,0.638265898918902
999,"s(V1_pre_z)",10.0890435987323,0.0889743313882946,2.06063846360442,0.627378916331517
1000,"s(V1_pre_z)",10.0559749523342,0.089639405188581,2.04552200946578,0.623223246623618
