"edf","Ref.df","F","p-value","Term","Deviance_Value_Val","Deviance_Value_Lwr","Deviance_Value_Upr","Eta_Sq_Value_Val","Eta_Sq_Value_Lwr","Eta_Sq_Value_Upr","Amplitude_Value_Val","Amplitude_Value_Lwr","Amplitude_Value_Upr","RMS_Value_Val","RMS_Value_Lwr","RMS_Value_Upr"
1.00009739841977,1.00019469741934,0.0716561675157998,0.789105137666529,"s(prev_lastRippleHPC_z):prev_is_near_DOWNno",0.0404199531575666,-2.22598590871482e-05,0.28626063287748,0.000460590630218867,1.72431976658429e-06,0.00247615833578861,0.161327429680282,0.00796636715134984,0.744721664648956,0.18925969334521,0.00423655640822273,1.41501832167341
1.00009803531545,1.0001959834175,3.20433609546963,0.0734779104396926,"s(prev_lastRippleHPC_z):prev_is_near_DOWNyes",0.072359068525314,0.000448330780489248,0.279304065819143,0.000591269909663922,1.10091875071469e-05,0.00255986290993733,0.242806682702414,0.0369240832698308,0.683453058079962,0.102717264168743,0.0134174314451923,1.04543261266361
2.35758979671511,2.94162749663059,1.14505872363474,0.37462763431717,"s(prev_lastRippleV1PRE_z):prev_is_near_DOWNno",0.0959760311202311,0.000317167496336079,0.321628412606816,0.000633587626199576,5.85193475141185e-06,0.00274568234712802,0.469802301310287,0.0317782572247182,1.37710899223348,0.352894651407964,0.0128251509527767,1.28059224226767
1.00025642033483,1.0005126766715,8.95831272118805,0.00277290421016851,"s(prev_lastRippleV1PRE_z):prev_is_near_DOWNyes",0.175577381857699,0.0267761562792588,0.506327297377526,0.00153966051862222,0.000169557993225385,0.00467560002742869,0.835225478970568,0.303891604781122,2.60282738403276,0.329413067387031,0.113980720790352,1.56853420747839
2.04500000481618,2.56478685317403,0.751884651673238,0.497287352367824,"s(curr_lastRippleHPC_z):curr_is_near_DOWNno",0.0917677430167761,0.000452508907399851,0.299912180723834,0.000572750778775906,6.0221524737102e-06,0.00263220948359534,0.28973915622516,0.0209821945848971,0.864823159789363,0.225895972457826,0.00752719554977222,1.03686828611972
1.03141638348875,1.06214858665729,11.7213897831518,0.000467975117123487,"s(curr_lastRippleHPC_z):curr_is_near_DOWNyes",0.199746770520929,0.0499891269767245,0.468356651698311,0.00178653442942245,0.000309542064758515,0.00444075247157694,0.49803684683577,0.219478600078066,0.885940165620249,0.190805850420414,0.087634668663349,1.0637332775261
3.0261540979318,3.56193663901287,2.56740898971309,0.0329566303143023,"s(curr_lastRippleV1PRE_z):curr_is_near_DOWNno",0.201910972505817,0.0102329435083497,0.47256650761161,0.001392693651343,6.73552343929893e-05,0.00403385265260457,0.954689403174358,0.134074837501931,1.91133651515766,0.453997100450154,0.051491145654871,1.04062074444226
1.00015755641462,1.00031504186934,12.2578091389506,0.000466125971297415,"s(curr_lastRippleV1PRE_z):curr_is_near_DOWNyes",0.197125356871833,0.0449387438361322,0.481893248127209,0.00195952871490502,0.000474003623802408,0.00450497819867887,0.782080849812775,0.312079604074254,1.46067893476357,0.336911346385222,0.131583479465083,1.23236907387961
1.52043971792066,5,36.4746624341642,0.110490539792658,"s(AnimalID)",NA,NA,NA,NA,NA,NA,NA,NA,NA,NA,NA,NA
16.8576594786533,21,36.5531647985847,7.78133767336264e-05,"s(SessionID)",NA,NA,NA,NA,NA,NA,NA,NA,NA,NA,NA,NA
